datetime,div,hs300,hs300_pe,hs300_div,csi500,csi500_pe,csi500_div,csi1000,csi1000_pe,csi1000_div,bond10
2018-12-31,,,,,,,,,,,0.032265
2018-12-30,,,,,,,,,,,0.032265
2018-12-29,,,,,,,,,,,0.032265
2018-12-28,0.02402417,3010.65,10.2273312,0.030808579,4168.04,16.25056776,0.015879003,4430.02,21.42640196,0.012478472,0.032315
2018-12-27,0.024127785,2990.51,10.1711053,0.030978889,4161.27,16.22034405,0.015908591,4424.65,21.38394653,0.012503246,0.032709
2018-12-26,0.023939484,3002.03,10.21058548,0.030859106,4208.41,16.39366886,0.015740394,4494.5,21.72126871,0.012309076,0.033011
2018-12-25,0.023871565,3017.28,10.24225053,0.030763702,4225.51,16.45625385,0.015680532,4514.62,21.80934725,0.012259365,0.033113
2018-12-24,0.023674171,3038.2,10.31463655,0.030547809,4274.72,16.63473722,0.015512287,4558.32,22.01770553,0.012143352,0.033483
2018-12-21,0.023799364,3029.4,10.2869599,0.030629996,4231.14,16.45609307,0.015680685,4517.78,21.81307819,0.012257268,0.033168
2018-12-20,0.023589372,3067.42,10.393017,0.030317428,4259.76,16.56037576,0.015580849,4550.6,21.95934187,0.012175627,0.033003
2018-12-19,0.023504302,3091.13,10.48173774,0.030060812,4247.9,16.51325459,0.01562531,4533.4,21.87535232,0.012222375,0.033412
2018-12-18,0.023237936,3128.43,10.59435764,0.02974126,4307.27,16.73911951,0.015414474,4596.61,22.16994528,0.012059965,0.033714
2018-12-17,0.023051701,3161.2,10.70002772,0.029447545,4330.65,16.81026028,0.01534924,4627.23,22.31100196,0.011983718,0.033713
2018-12-14,0.0230552,3165.91,10.58295193,0.030111102,4337.1,18.68955908,0.014461021,4641.89,21.17037974,0.012611923,0.033468
2018-12-13,0.022634531,3219.69,10.7369546,0.029679211,4443.16,19.12746866,0.014129947,4763.72,21.71070846,0.012298042,0.033311
2018-12-12,0.022906925,3170.61,10.59530684,0.03007599,4393.32,18.9109598,0.014291718,4718.82,21.50457917,0.012415923,0.032703
2018-12-11,0.022974068,3159.82,10.55021224,0.030204544,4395.57,18.91313603,0.014290074,4720.47,21.497816,0.012419829,0.032652
2018-12-10,0.023093371,3144.76,10.51626969,0.030302032,4359.31,18.7563114,0.014409556,4676.62,21.30351718,0.012533104,0.032678
2018-12-07,0.022862122,3181.56,10.6126984,0.030022954,4410.96,18.96998169,0.014247252,4731.9,21.5223665,0.012366685,0.032853
2018-12-06,0.022862407,3181.67,10.59781728,0.030028463,4411.09,18.96799326,0.014248746,4730.91,21.51900538,0.012368616,0.032751
2018-12-05,0.022439766,3252,10.79804225,0.029471653,4502.7,19.36134241,0.013959265,4816.99,21.90255555,0.012152021,0.03275
2018-12-04,0.022314662,3267.71,10.85158874,0.029326227,4536.21,19.50414109,0.013857063,4846.17,22.02841708,0.01208259,0.03305
2018-12-03,0.022406959,3260.95,10.83151919,0.029380566,4515.17,19.41939573,0.013917535,4802.29,21.82638889,0.012194428,0.0335
2018-11-30,0.023027274,3172.69,10.56954115,0.030113882,4376.65,18.83091501,0.014352468,4648.18,21.10980883,0.012605595,0.03355
2018-11-29,0.023323226,3137.65,10.47161138,0.030530512,4345.7,18.69725369,0.01445507,4617.35,20.95980054,0.012695813,0.0336
2018-11-28,0.02296707,3178.93,10.58666615,0.03020554,4441.86,19.0955087,0.014166168,4728.58,21.44012171,0.012411389,0.0337
2018-11-27,0.023227836,3137.24,10.47320115,0.030532858,4387.65,18.86821259,0.014336821,4671.64,21.18387684,0.012562088,0.034
2018-11-26,0.023253025,3141.24,10.49582088,0.030467056,4367.46,18.79349324,0.014393821,4633.73,21.03337544,0.012655698,0.034151
2018-11-23,0.023224564,3143.48,10.50211581,0.030448794,4374.76,18.82777217,0.014401745,4642.12,21.08940043,0.012641426,0.033917
2018-11-22,0.022596455,3214.43,10.70501817,0.029872289,4551.33,19.56805986,0.013966246,4850.13,22.00729848,0.012118709,0.033917
2018-11-21,0.022558149,3226.49,10.73910972,0.029777458,4554.67,19.57758464,0.013975546,4847.04,21.98127784,0.012128459,0.033716
2018-11-20,0.022624748,3218.41,10.72857873,0.029806687,4537.45,19.50271138,0.0140292,4811.88,21.83609428,0.012209099,0.033771
2018-11-19,0.0221123,3294.6,10.94653583,0.029213205,4670.74,20.07442,0.013629656,4942.49,22.41438656,0.011894103,0.033772
2018-11-16,0.022290166,3257.67,10.82551762,0.029539778,4659.1,19.99711271,0.013664851,4923.99,22.32306705,0.011949525,0.033515
2018-11-15,0.022425817,3242.37,10.79369922,0.029626858,4619.81,19.7973657,0.013789608,4871.09,22.08118865,0.01208042,0.033915
2018-11-14,0.022733263,3204.94,10.67414613,0.029958686,4545.51,19.4816529,0.014013077,4791.23,21.70894295,0.012287565,0.034218
2018-11-13,0.022563248,3237.38,10.79710977,0.029617499,4563.54,19.56671529,0.01395519,4790.45,21.7045088,0.012290075,0.03474
2018-11-12,0.022816082,3205.14,10.72191755,0.029825205,4481.69,19.23368419,0.014199939,4697.35,21.29824178,0.012526377,0.034865
2018-11-09,0.023191899,3167.44,10.63123854,0.030079599,4368.61,18.75728882,0.01460534,4561.21,20.69090948,0.012868606,0.034763
2018-11-08,0.02291774,3212.77,10.82340303,0.02954555,4382.33,18.80755198,0.014586526,4572.38,20.73715297,0.01283991,0.034813
2018-11-07,0.02285674,3221.91,10.83745254,0.029507247,4415.14,18.9465631,0.014479505,4592.84,20.83926566,0.012776994,0.034813
2018-11-06,0.022722797,3243.15,10.91145684,0.029305491,4438.1,19.04597243,0.01440393,4603.11,20.88998213,0.012745608,0.035113
2018-11-05,0.022650048,3262.84,10.95976289,0.029177195,4440.83,19.0595289,0.014393685,4598.2,20.88402412,0.012692897,0.035312
2018-11-02,0.022594676,3290.25,11.04027172,0.028972412,4437.95,19.05199018,0.014417047,4564.18,20.7306427,0.012802344,0.035461
2018-11-01,0.023247821,3177.03,10.73504716,0.029796171,4298.98,18.39362127,0.014884478,4428.74,20.12160777,0.013195216,0.034936
2018-10-31,0.023330954,3153.82,10.70938237,0.029867528,4272.55,18.2920431,0.014982074,4400.61,19.99361818,0.013278385,0.035086
2018-10-30,0.023568224,3110.26,10.71418453,0.030108795,4204.54,17.64062184,0.015226978,4336.65,19.65205355,0.01347358,0.035161
2018-10-29,0.02379767,3076.89,10.62871077,0.030387925,4162.53,17.28570626,0.015378737,4296.7,19.43104359,0.01359463,0.035111
2018-10-26,0.023281007,3173.64,10.91780939,0.029605537,4233.96,17.46702659,0.015121521,4359.47,19.7398411,0.013397455,0.03541
2018-10-25,0.023237884,3194.31,10.91889957,0.029499036,4234.42,17.35433611,0.015116609,4345.33,19.61275067,0.013445196,0.035409
2018-10-24,0.023234521,3188.2,10.90587672,0.029586004,4245.49,17.40009409,0.015077432,4377.55,19.88688219,0.013343579,0.035409
2018-10-23,0.023298329,3183.43,10.8626914,0.029716348,4253.56,17.4341817,0.015050706,4379.06,19.91561622,0.013347604,0.035709
2018-10-22,0.022785493,3270.27,11.15682012,0.028945049,4333.14,17.80780357,0.014770174,4452.74,20.28086371,0.013128942,0.03591
2018-10-19,0.023766366,3134.95,10.74776931,0.030069838,4127.99,17.05020619,0.015505045,4241.23,19.34239861,0.013785127,0.035658
2018-10-18,0.024398686,3044.39,10.45047031,0.030927311,4018.46,16.68454477,0.015922121,4149.44,18.93443477,0.014092011,0.035508
2018-10-17,0.023714032,3118.25,10.73763786,0.030099669,4133.38,17.17216886,0.015495163,4292.2,19.59283549,0.013636378,0.035807
2018-10-16,0.023864807,3100.97,10.67514833,0.030275865,4099.68,17.05661586,0.015600138,4261.17,19.46034849,0.013734727,0.035757
2018-10-15,0.023605393,3126.45,10.71881498,0.030152526,4199.15,17.47596137,0.015248631,4358.87,19.92921224,0.01342486,0.035857
2018-10-12,0.023276514,3170.73,10.87533375,0.029718568,4278.04,17.76133679,0.014977835,4427.68,20.23498855,0.013225327,0.035831
2018-10-11,0.023471663,3124.11,10.69640289,0.030215705,4307.42,17.85253068,0.014901326,4456.61,20.34652128,0.013156194,0.035806
2018-10-10,0.022177287,3281.6,11.20464688,0.028845117,4629.89,19.14523637,0.013895815,4812.43,21.94282032,0.012200089,0.036156
2018-10-09,0.022197765,3288.69,11.19587072,0.028867728,4634.89,19.15430604,0.013887391,4818.73,21.94525201,0.012196539,0.036156
2018-10-08,0.022209722,3290.9,11.18936343,0.028884516,4646.49,19.20099925,0.01384866,4817.43,21.94059804,0.012197618,0.036155
2018-09-30,,,,,,,,,,,0.036103
2018-09-29,,,,,,,,,,,0.036104
2018-09-28,0.021369308,3438.86,11.67269531,0.027688494,4800.73,19.8151911,0.013432506,4987.27,22.71369617,0.011782989,0.036153
2018-09-27,0.021589604,3403.59,11.54508314,0.027994545,4755.38,19.63175443,0.013558017,4945.69,22.49286044,0.011885526,0.036253
2018-09-26,0.021439455,3417.24,11.57702389,0.027917309,4815.63,19.86303774,0.013400149,5017.06,22.82655787,0.011711774,0.036503
2018-09-25,0.021625017,3379.8,11.45273722,0.028220271,4792.55,19.76140272,0.013469067,4995.7,22.72182697,0.011765757,0.036754
2018-09-21,0.02149183,3410.49,11.55322448,0.027974818,4805.22,19.84775888,0.013436447,5011.69,22.79186455,0.011729601,0.036752
2018-09-20,0.022009425,3310.13,11.2009941,0.028854524,4733.48,19.55611181,0.013636829,4951.58,22.50933041,0.01187683,0.037003
2018-09-19,0.021994937,3312.48,11.19566682,0.028868254,4736.89,19.56058666,0.01363371,4970.01,22.59677305,0.01183115,0.036727
2018-09-18,0.022268559,3269.43,11.05180958,0.029243242,4683.51,19.33606838,0.013792016,4917.35,22.35167879,0.011963431,0.036452
2018-09-17,0.022659833,3204.92,10.85958017,0.029760887,4602.39,19.00054419,0.014035564,4831.56,21.95909762,0.01217937,0.036327
2018-09-14,0.022354381,3242.09,10.96727008,0.029468659,4670.08,19.53077075,0.013633924,4907.93,22.31577777,0.011983752,0.036351
2018-09-13,0.0222805,3236.57,10.9499389,0.0295153,4721.21,19.72831982,0.013497401,4958.16,22.53457105,0.011867399,0.036526
2018-09-12,0.022516502,3202.02,10.8106661,0.029895543,4693.97,19.53977346,0.013581394,4919.81,22.35404993,0.011959314,0.036551
2018-09-11,0.022431607,3224.21,10.87434263,0.029720485,4702.9,19.57837609,0.013554615,4925.3,22.38841137,0.011940959,0.036751
2018-09-10,0.022415513,3230.07,10.89336129,0.029668596,4704.88,19.59114684,0.013545779,4923.64,22.39128087,0.011939216,0.036551
2018-09-07,0.022101234,3277.64,11.01723673,0.029335009,4791.78,19.95533606,0.013298566,5022.28,22.83063733,0.011709671,0.036301
2018-09-06,0.022168462,3262.88,10.97758174,0.029440978,4793.35,19.94299544,0.013306795,5012.51,22.77261242,0.011738607,0.036101
2018-09-05,0.022039378,3298.14,11.06015131,0.029221186,4815.03,20.04957875,0.013236056,5032.5,22.87647901,0.01168531,0.036101
2018-09-04,0.021655815,3363.9,11.27489398,0.028664636,4890.28,20.36820227,0.013030576,5113.15,23.2500776,0.011497542,0.036101
2018-09-03,0.021898237,3321.82,11.14604987,0.028995989,4838.87,20.16810236,0.01315986,5054.11,22.985796,0.011629736,0.035951
2018-08-31,0.021871093,3334.5,11.17627681,0.028917567,4814.82,20.07552147,0.013220548,5057.98,23.01252342,0.011616229,0.035751
2018-08-30,0.021554534,3351.09,11.26509151,0.028550946,4867.12,20.37770031,0.013073883,5114.27,23.25342255,0.011467412,0.035801
2018-08-29,0.021249078,3386.57,11.38954144,0.028221568,4941.96,20.66961083,0.012788011,5203.71,23.67236961,0.01127602,0.036101
2018-08-28,0.021147248,3400.17,11.49735901,0.0281446,4974.21,20.86803097,0.012699897,5233.5,23.77645638,0.011161711,0.036101
2018-08-27,0.021114896,3406.57,11.53985379,0.028098805,4960.07,20.96621065,0.012613121,5229.36,23.80141611,0.011070035,0.036303
2018-08-24,0.021373743,3325.33,11.39273357,0.028430419,4852.29,20.43089956,0.012896861,5116.14,23.41972116,0.01130881,0.036278
2018-08-23,0.021402495,3320.03,11.34491734,0.028542443,4863.67,20.54564438,0.01286418,5133.33,23.58372154,0.011242038,0.036101
2018-08-22,0.021476588,3307.95,11.33488526,0.02859372,4837.02,20.52796584,0.012913239,5102.36,23.43614033,0.011308371,0.036075
2018-08-21,0.02105756,3326.65,11.46485853,0.028019319,4891.98,20.80227815,0.012751471,5162.03,23.80903832,0.011168239,0.0363
2018-08-20,0.021307342,3267.25,11.30788408,0.028387046,4832.65,20.60612439,0.012879229,5103.63,23.77055168,0.011297428,0.036326
2018-08-17,0.021520671,3229.62,11.15880576,0.028773194,4803.03,20.51753934,0.012957058,5084.21,23.80849369,0.011324213,0.036524
2018-08-16,0.021203256,3276.73,11.2971114,0.028420241,4888.37,20.95645121,0.012740261,5178.24,24.26760908,0.011094492,0.036141
2018-08-15,0.021057132,3291.98,11.35386549,0.028292184,4932.81,21.35726621,0.012602865,5242.09,24.69395595,0.010958951,0.035829
2018-08-14,0.020611129,3372.91,11.60463514,0.027689018,5037.88,21.8217062,0.012298876,5351.02,25.28572424,0.0107319,0.035519
2018-08-13,0.020559586,3390.34,11.63739531,0.027622752,5055.28,21.88644309,0.012259272,5369.18,25.44937797,0.010700792,0.035826
2018-08-10,0.020513634,3405.02,11.71542066,0.027434965,5030.51,21.81082221,0.012312331,5342.05,25.24077842,0.010759361,0.035525
2018-08-09,0.020547839,3397.53,11.73575119,0.027403427,5004.77,21.80802369,0.012369184,5307.97,25.13900856,0.010832749,0.035476
2018-08-08,0.020973051,3314.51,11.50911348,0.027943056,4880.57,21.28285107,0.012678415,5191.79,24.61681145,0.011029961,0.035222
2018-08-07,0.020653555,3368.87,11.67035317,0.027553954,4956.87,21.63855421,0.012486196,5279.64,25.04518349,0.010811564,0.034876
2018-08-06,0.021196951,3273.2728,11.35286445,0.028323934,4825.25,21.10988433,0.012749409,5144.64,24.42814265,0.011042562,0.034568
2018-08-03,0.020893475,3315.2839,11.45952584,0.028060546,4929.75,21.58022296,0.012477148,5255.63,24.96791137,0.010805693,0.034567
2018-08-02,0.020648667,3370.9579,11.57995636,0.027769719,4996.01,21.88243733,0.012313466,5325.8,25.38693324,0.010643072,0.034713
2018-08-01,0.020211088,3447.3882,11.8203109,0.027226363,5105.37,22.39231565,0.012041527,5456.21,26.02793337,0.010381876,0.034638
2018-07-31,0.019845445,3517.6568,12.05982596,0.026693235,5188.72,22.7748423,0.011845639,5542.54,26.4616937,0.010218833,0.034812
2018-07-30,0.019885731,3515.0794,12.02240268,0.026791055,5185.15,22.77089756,0.0118413,5549.04,26.57032882,0.010206896,0.035213
2018-07-27,0.019988341,3521.2269,12.014173,0.027107514,5249.29,23.05047958,0.011813458,5630.23,26.95378883,0.010130783,0.035212
2018-07-26,0.019909061,3536.2456,12.05816501,0.027013086,5273.48,23.14777496,0.011772314,5663.18,27.10079134,0.010100014,0.035361
2018-07-25,0.019756317,3577.7522,12.17500323,0.026765879,5308.66,23.30453885,0.011693124,5685.59,27.31327997,0.010052675,0.035614
2018-07-24,0.019744586,3581.7057,12.18452837,0.026744955,5304.64,23.30583924,0.011699236,5672.22,27.27183984,0.010071827,0.035615
2018-07-23,0.020043929,3525.7503,12.01718333,0.027117391,5214,22.88819384,0.011912714,5582.31,26.85170811,0.010229414,0.035186
2018-07-20,0.020245895,3492.8938,11.87558873,0.027448438,5175.25,22.7172814,0.012006408,5541.21,26.68109676,0.010365917,0.035135
2018-07-19,0.020655689,3428.343,11.59554691,0.028142988,5111.33,22.44229256,0.012153524,5480.77,26.38902629,0.010539443,0.034409
2018-07-18,0.020543487,3431.3227,11.62288458,0.028076795,5156.64,22.62384682,0.012055994,5544.52,26.69122461,0.010479135,0.034708
2018-07-17,0.020446872,3449.3773,11.66402111,0.027977774,5196.2,22.78976512,0.011977067,5575.47,26.80551618,0.010434339,0.034808
2018-07-16,0.020314772,3472.0859,11.7876331,0.027683081,5195.2,22.80846522,0.011967967,5566.96,26.77076608,0.010445692,0.034808
2018-07-13,0.02021476,3492.6897,11.89424958,0.027434938,5204.19,22.85589765,0.01196824,5561.69,26.79849996,0.010462059,0.034858
2018-07-12,0.020207382,3481.0559,11.93075944,0.027350983,5172.5,22.71651442,0.012041675,5541.36,26.69844077,0.010514555,0.035158
2018-07-11,0.020730259,3407.5297,11.68391522,0.027964757,5036.16,22.12869974,0.012361543,5396.31,25.91243911,0.010841145,0.035107
2018-07-10,0.020365502,3467.5155,11.87757768,0.027508795,5136.53,22.47240702,0.012172478,5524.8,26.53416914,0.010589928,0.035431
2018-07-09,0.020463412,3459.1837,11.84720284,0.027579324,5107.55,22.31977738,0.012255717,5487.55,26.3500494,0.010665774,0.035432
2018-07-06,0.021001234,3365.1227,11.51566242,0.028373344,4996.63,21.81368663,0.012546535,5374.58,25.78320825,0.010905179,0.035259
2018-07-05,0.021103158,3342.4379,11.45172915,0.028531748,4982.76,21.77833932,0.012566898,5352.66,25.68234532,0.010948007,0.035005
2018-07-04,0.020838556,3363.7473,11.48236387,0.028455626,5121.34,22.37774587,0.012230284,5500.67,26.41613266,0.010649613,0.035107
2018-07-03,0.020549763,3409.2801,11.60144537,0.028156719,5197.13,22.69899459,0.012057194,5601.59,26.8979487,0.010458849,0.034955
2018-07-02,0.020668783,3407.9638,11.583195,0.028201082,5138.78,22.46123455,0.012184824,5538.09,26.59430134,0.01057117,0.034668
2018-06-29,0.020750595,3510.9845,11.91633968,0.027524524,5217.76,22.77558315,0.012116263,5608.54,26.91359293,0.01047817,0.034756
2018-06-28,0.021276168,3423.5255,11.65989895,0.028129882,5055.11,22.07635976,0.012500563,5443.85,26.06574904,0.01081725,0.035304
2018-06-27,0.021061474,3459.2621,11.77240071,0.027861062,5109.5,22.32869818,0.012359293,5508.92,26.37749117,0.010690684,0.035529
2018-06-26,0.020799145,3531.1112,11.95700444,0.027430916,5160.28,22.57627947,0.012223756,5558.71,26.61356019,0.010596357,0.035804
2018-06-25,0.020738057,3560.4777,12.07957587,0.027152574,5125.03,22.44257102,0.012310843,5512.43,26.40106455,0.010683284,0.035803
2018-06-22,0.020534616,3608.9046,12.2510774,0.026772468,5160.12,22.57534762,0.012238437,5541.37,26.51394286,0.010668233,0.035604
2018-06-21,0.02067907,3592.965,12.22071967,0.026838974,5089.25,22.2682061,0.01240724,5456.91,26.09662163,0.010834666,0.035753
2018-06-20,0.020357308,3635.4436,12.3561214,0.026544866,5198.39,22.72390234,0.012158541,5588.27,26.72191103,0.010581136,0.036054
2018-06-19,0.020444661,3621.1166,12.36112948,0.026534111,5141.71,22.45095245,0.01230636,5522.53,26.38502767,0.010716236,0.035603
2018-06-15,0.019586623,3753.4338,12.70906201,0.025807694,5483.94,23.90754482,0.011566556,5928.07,28.3165179,0.010004798,0.036028
2018-06-14,0.019395038,3773.3655,12.7337373,0.025757684,5586.93,24.34573227,0.011366072,6060.13,28.93503526,0.009790935,0.036227
2018-06-13,0.019344397,3788.3391,12.75326491,0.025718244,5607.02,24.43298711,0.011325482,6092.34,29.07933156,0.009742351,0.036627
2018-06-12,0.01912552,3825.9534,12.82552308,0.02551113,5693.35,24.81414489,0.011151517,6199.15,29.5796063,0.009572999,0.036853
2018-06-11,0.019311909,3779.9818,12.69498778,0.025773447,5632.36,24.52145874,0.011284621,6151.94,29.35271568,0.00964825,0.036502
2018-06-08,0.01922328,3779.6159,12.59448149,0.026116688,5669.3,24.76219532,0.011835208,6205.96,30.47587008,0.009622533,0.036453
2018-06-07,0.018982686,3831.0128,12.77643547,0.02574475,5738.02,25.05387383,0.011698987,6274.88,30.79388389,0.009523658,0.036702
2018-06-06,0.018923037,3837.3511,12.77378295,0.025744061,5774.26,25.22210372,0.011620955,6320.47,31.02398731,0.009453022,0.036602
2018-06-05,0.01891978,3845.3164,12.79976304,0.025691807,5779.08,25.24028788,0.011612583,6316.42,30.98475517,0.009452548,0.036602
2018-06-04,0.01911162,3807.5781,12.73127222,0.025830022,5683.15,24.7835418,0.011762506,6215.61,30.33919509,0.009607303,0.036532
2018-06-01,0.019127407,3770.5891,12.63651053,0.025935461,5685.12,24.78163799,0.011763409,6243.73,30.44675426,0.009580544,0.036202
2018-05-31,0.018981321,3802.3759,12.71589736,0.025773383,5754.47,25.08311168,0.011676392,6315.17,30.64755226,0.00951919,0.036129
2018-05-30,0.019301792,3723.3724,12.49419915,0.026230709,5682.59,24.75390129,0.011834806,6232.42,30.19949288,0.009661058,0.035976
2018-05-29,0.018802032,3804.0093,12.7745734,0.025655001,5835.45,25.40716178,0.011530514,6436.77,31.1477497,0.009352225,0.036001
2018-05-28,0.018665258,3833.2599,12.85346247,0.025497542,5891.26,25.65176807,0.011420563,6490.4,31.40075745,0.009272605,0.036101
2018-05-25,0.018632983,3816.498,12.83286401,0.025538469,5917.8,25.74974494,0.011377108,6541.45,31.62221005,0.009206256,0.036126
2018-05-24,0.018519581,3827.217,12.87814353,0.025448676,5992.62,26.02698381,0.011255919,6628.5,32.03630125,0.009093541,0.036501
2018-05-23,0.018429376,3854.5825,12.96595377,0.025276328,6013.85,26.12142559,0.011221326,6652.29,32.14583835,0.009062555,0.0364
2018-05-22,0.018181611,3906.2081,13.16772695,0.024889011,6092.91,26.46272846,0.011076599,6724.4,32.47118981,0.008959973,0.0367
2018-05-21,0.018183481,3921.2421,13.23136018,0.024769313,6072.2,26.35581292,0.011125665,6697.14,32.2402357,0.009015081,0.036939
2018-05-18,0.018310631,3903.0637,13.19923932,0.02482959,5995.15,26.02550816,0.011266867,6620.77,31.87121784,0.0091199,0.037099
2018-05-17,0.018474869,3864.0507,13.01350843,0.025165944,5973.78,25.9248335,0.01131062,6591.26,31.73857477,0.009158015,0.03712
2018-05-16,0.018380016,3892.8442,13.08400565,0.025030349,6004.07,26.05107847,0.011255808,6622.64,31.91613019,0.009110311,0.037076
2018-05-15,0.018258433,3924.0975,13.21243695,0.024787042,6020.57,26.10662708,0.011232641,6661.13,32.0775698,0.00905674,0.037151
2018-05-14,0.018371565,3909.2933,13.17430018,0.024858795,5967.55,25.81601983,0.01133146,6591.73,31.74771577,0.009150727,0.036937
2018-05-11,0.018401884,3872.8383,13.08557491,0.025027347,5991.34,25.96451988,0.011286163,6636.77,31.97225391,0.009091367,0.036882
2018-05-10,0.018306696,3893.0565,13.10594313,0.024988452,6040.57,26.17297596,0.011196273,6703.21,32.28860604,0.009002293,0.036924
2018-05-09,0.018389798,3871.6152,13.04319162,0.025108673,6029.23,26.10342244,0.011226106,6674.91,32.18439069,0.009026696,0.037074
2018-05-08,0.01837442,3878.6767,13.05445413,0.025087011,6041.81,26.16707271,0.011198799,6678.14,32.18420033,0.00902683,0.036922
2018-05-07,0.018530809,3834.1877,12.91932763,0.025350272,6019.14,26.0525646,0.011248021,6646.58,32.03948288,0.009067603,0.036518
2018-05-04,0.018821112,3774.5981,12.73688283,0.025713392,5909.29,25.60240161,0.011450639,6531.29,31.47351744,0.009228442,0.036319
2018-05-03,0.018765603,3793.0001,12.80018777,0.025586223,5910.61,25.60158456,0.011451005,6545.27,31.52873328,0.009198414,0.036467
2018-05-02,0.018903427,3763.6461,12.68306213,0.025738796,5855.32,25.35938275,0.011560371,6486.81,30.98274256,0.009278108,0.036665
2018-04-28,,,,,,,,,,,0.036217
2018-04-27,0.018773116,3756.8765,12.84162401,0.025661137,5860.98,25.33331557,0.011398805,6517.05,30.73101557,0.009126981,0.036364
2018-04-26,0.018709269,3755.4941,12.88601123,0.025751894,5847.98,24.92152419,0.011190484,6510.53,31.25298903,0.008997179,0.036344
2018-04-25,0.018310824,3828.7015,13.10863264,0.025328153,5959.42,25.44107606,0.010910366,6632.02,31.6684375,0.008707318,0.036118
2018-04-24,0.01827172,3843.4886,13.21707854,0.025218742,5957.19,25.58095297,0.010888748,6606.58,31.4882846,0.008630095,0.035855
2018-04-23,0.018607192,3766.3257,12.99189462,0.025692432,5823.92,25.10482283,0.011150174,6466.52,30.86571168,0.008695216,0.036019
2018-04-20,0.01848608,3760.8543,12.97859663,0.02568278,5880.84,25.45378316,0.011039881,6535.96,31.27684932,0.008599127,0.035215
2018-04-19,0.018125084,3811.843,13.14272254,0.025350029,6004.73,26.19490307,0.010789418,6677.09,32.08222663,0.008357259,0.035064
2018-04-18,0.018236738,3766.282,13.02085342,0.025580472,5970.66,26.05833179,0.010830815,6661.29,32.00671122,0.008379927,0.035013
2018-04-17,0.018419093,3748.6412,12.92387243,0.025808958,5890.86,25.80210796,0.011054527,6564.69,31.70355046,0.008401515,0.036512
2018-04-16,0.018071008,3808.863,13.10925428,0.025451425,6012.41,26.57931675,0.010634908,6717.93,32.55973787,0.00818723,0.036561
2018-04-13,0.017769244,3871.1443,13.37749232,0.024926807,6027.19,26.75393636,0.010593687,6721.66,32.72709645,0.007885445,0.037062
2018-04-12,0.017657151,3898.6354,13.47631032,0.024738685,6051.33,26.82016177,0.010578869,6727.64,32.75619586,0.00784096,0.037109
2018-04-11,0.017497054,3938.3434,13.64610795,0.02450707,6086.61,26.9859274,0.010564788,6759.81,32.96361033,0.007791722,0.037109
2018-04-10,0.017564787,3927.1729,13.57318615,0.024654504,6063.74,26.89585705,0.010573955,6720.77,32.96697333,0.00766287,0.037159
2018-04-09,0.017699851,3852.9292,13.29317335,0.02503768,6025.65,26.71535204,0.010593552,6718.65,33.02537675,0.007583383,0.036959
2018-04-08,,,,,,,,,,,0.037008
2018-04-04,0.017725174,3854.8625,13.28234338,0.025058095,6017.69,26.69427732,0.010601915,6708.92,32.97958866,0.007579044,0.037234
2018-04-03,0.017590716,3862.4796,13.31907144,0.024988996,6059.71,26.97577431,0.010142366,6769.56,33.36029501,0.007460876,0.037507
2018-04-02,0.017444189,3886.9189,13.42273675,0.024808067,6121.96,27.14814418,0.010062166,6835.87,33.87751579,0.007340133,0.037357
2018-03-30,0.017330718,3898.4977,13.50695885,0.024601978,6114.74,27.29129926,0.009981464,6798.67,34.33222354,0.0072267,0.037407
2018-03-29,0.017063967,3894.0498,13.57825905,0.02405966,6034.86,27.00498862,0.009977433,6684.28,33.64168662,0.007235291,0.037456
2018-03-28,0.017186913,3842.7155,13.41071797,0.024271577,5973.34,26.76709862,0.010205435,6635.87,33.51037137,0.007167491,0.037406
2018-03-27,0.016723186,3913.2689,13.68404444,0.023544122,6034.78,27.2517022,0.009997288,6680.84,33.82185523,0.007022456,0.037432
2018-03-26,0.016810624,3879.893,13.67758872,0.023471373,5902.96,26.72262064,0.010070554,6515.25,33.09095466,0.00717129,0.037307
2018-03-23,0.016076743,3904.9355,13.88710783,0.021980983,5787.15,26.35682876,0.010089002,6402.89,32.63077131,0.007218749,0.037005
2018-03-22,0.015259421,4020.349,14.27372676,0.021047899,6101.23,27.72154544,0.009518339,6764.69,34.7206151,0.00681882,0.03748
2018-03-21,0.015161085,4061.0502,14.38670536,0.020872531,6129.2,27.83156314,0.009458355,6771.06,34.76557775,0.006762771,0.03763
2018-03-20,0.014928479,4077.7041,14.52836607,0.020549658,6173.7,28.09492924,0.009268884,6822.25,35.28454579,0.00667716,0.037906
2018-03-19,0.014932382,4074.2479,14.47917699,0.020602191,6153.83,28.08202358,0.009219443,6820.5,35.41613608,0.006574986,0.038104
2018-03-16,0.014975018,4056.4226,14.41590496,0.02069538,6146.31,28.10806859,0.009168996,6805.93,35.34529946,0.006589913,0.038154
2018-03-15,0.014829656,4096.1627,14.59257168,0.020431926,6180.11,28.36505618,0.009090867,6824.05,35.58999041,0.006560193,0.038257
2018-03-14,0.014804891,4073.3447,14.55226359,0.02049025,6189.32,28.42230038,0.009025922,6834.84,35.6910931,0.00653389,0.038413
2018-03-13,0.014735034,4091.2533,14.60216818,0.020455486,6254.15,28.69698073,0.008939528,6911.67,36.06533321,0.00646609,0.038362
2018-03-12,0.014640093,4127.6662,14.69207252,0.020319469,6295.78,28.90294809,0.00887898,6947.46,36.28831572,0.006427277,0.038243
2018-03-09,0.014748333,4108.8652,14.65662295,0.020368615,6206.98,28.51710153,0.00899044,6837.13,35.70079637,0.006532675,0.038278
2018-03-08,0.014872398,4077.6001,14.57911078,0.020470391,6131.51,28.18135438,0.009081731,6725.18,35.15104111,0.006623988,0.038203
2018-03-07,0.01496324,4036.6536,14.50513639,0.020574787,6086.49,27.98485118,0.009146559,6688.55,34.96736799,0.006656431,0.038203
2018-03-06,0.014884859,4066.5647,14.56492754,0.020490787,6145.58,28.2552252,0.009059036,6735.86,35.16998662,0.006615966,0.038253
2018-03-05,0.015034676,4018.097,14.42886128,0.020684018,6064.1,27.84286393,0.009169794,6674.28,34.84650069,0.006675976,0.038453
2018-03-02,0.015059091,4016.461,14.43245632,0.020678866,6056.34,27.81851148,0.009163465,6632.37,34.62536127,0.006718783,0.038352
2018-03-01,0.014968373,4049.0863,14.54039298,0.020525362,6090.22,27.97997128,0.00915368,6658.58,34.76660906,0.006687838,0.038201
2018-02-28,0.015068844,4023.6415,14.47884458,0.020612614,6023.68,27.68295846,0.009240226,6563.81,34.29961772,0.006766973,0.038202
2018-02-27,0.015067199,4058.9806,14.63722797,0.020387651,6010.56,27.64166164,0.009254031,6529.38,34.28533584,0.006747497,0.038201
2018-02-26,0.014917645,4118.4186,14.89366717,0.020036616,6029.68,27.71631176,0.00921786,6507.13,34.17122434,0.006769567,0.038452
2018-02-24,,,,,,,,,,,0.038652
2018-02-23,0.015141,4071.0889,14.7522765,0.020233155,5897.68,27.12800809,0.009417761,6365.92,33.42302134,0.00692111,0.038702
2018-02-22,0.015212771,4052.7332,14.67115525,0.02034503,5875.73,27.01919839,0.009455687,6347.08,33.33541799,0.006940632,0.038752
2018-02-14,0.015540143,3966.9614,14.33664904,0.020819726,5754.83,26.47228346,0.009679029,6230.66,32.71391731,0.00707249,0.038702
2018-02-13,0.015614604,3935.6324,14.2476156,0.020949828,5736.95,26.37608463,0.009711356,6216.51,32.59296431,0.00708844,0.0387
2018-02-12,0.015688602,3890.1046,14.0773948,0.021203149,5699.1,26.43914907,0.009293699,6203.75,32.42336226,0.007108919,0.03875
2018-02-11,,,,,,,,,,,0.038775
2018-02-09,0.01588979,3840.6527,14.00185561,0.021310057,5554.9,25.78513228,0.00951401,6053.02,31.64733822,0.00728443,0.0388
2018-02-08,0.015269683,4012.0472,14.59255982,0.020445494,5766.48,26.80120686,0.009155514,6238.22,32.7233661,0.006838001,0.038801
2018-02-07,0.015135488,4050.4972,14.88443922,0.020017577,5711.33,26.5612898,0.009238212,6158.26,32.32261172,0.006922782,0.0387
2018-02-06,0.014884455,4148.8856,15.32155724,0.019446484,5704.26,26.5415925,0.009245068,6142.67,32.26164839,0.006929651,0.038825
2018-02-05,0.014340681,4274.1464,15.7727123,0.018890246,5998.22,27.81298136,0.008822457,6461.81,33.94007401,0.006592524,0.039167
2018-02-02,0.014390764,4271.2326,15.63728326,0.019053848,6004.85,27.82729267,0.00881792,6487.87,34.06835062,0.006567701,0.039092
2018-02-01,0.014436563,4245.8978,15.5313247,0.019183838,5984.74,27.70003683,0.00885843,6506.45,34.15936098,0.006550203,0.039066
2018-01-31,0.014219081,4275.8986,15.53973606,0.019173454,6189.34,28.6133263,0.008575684,6791.01,35.5750661,0.006287886,0.03914
2018-01-30,0.014132879,4256.1021,15.46212647,0.019269692,6313.44,29.14147629,0.008420261,6955.24,36.38843604,0.006147336,0.039292
2018-01-29,0.014012568,4302.0181,15.6648047,0.019020372,6309.88,29.14852252,0.008418225,6972.48,36.48510279,0.00613173,0.039368
2018-01-26,0.013843525,4381.2996,15.86177289,0.018784181,6383.63,29.47910449,0.008323921,7056.01,36.92578402,0.006052253,0.039365
2018-01-25,0.013870426,4365.0794,15.79036284,0.01886913,6382.72,29.44330546,0.008334042,7062.64,36.95735214,0.006047083,0.039435
2018-01-24,0.013815828,4389.8853,15.87174562,0.018772378,6394.3,29.50534118,0.00831652,7072.41,37.02542581,0.006035965,0.039507
2018-01-23,0.013862495,4382.6129,15.84878689,0.018799572,6355,29.35512945,0.008359076,7019.98,36.75894674,0.00608078,0.039414
2018-01-22,0.014035204,4336.5974,15.53932342,0.019173963,6347.64,29.31074271,0.008371734,7014.55,36.70325926,0.006089789,0.039522
2018-01-19,0.014125848,4285.395,15.44118361,0.019295827,6272.38,28.96780389,0.008470844,6938.31,36.31834589,0.00615433,0.039754
2018-01-18,0.014157803,4271.4168,15.35511958,0.019403979,6286.8,29.04172809,0.008449433,6955.23,36.39918081,0.006140663,0.039797
2018-01-17,0.014276018,4248.1164,15.16395867,0.01964859,6267.46,28.92628559,0.008483142,6942.86,36.42820451,0.006157004,0.039597
2018-01-16,0.014290167,4258.473,15.12264033,0.019702275,6301.13,29.07137015,0.008440806,6960.68,36.51650557,0.006146017,0.039596
2018-01-15,0.014402601,4225.2393,15.00511462,0.01985659,6253.38,28.83307264,0.008510567,6929.31,36.31771951,0.006179657,0.03965
2018-01-12,0.014287573,4225.001,14.94897137,0.019931165,6399.37,29.46852584,0.008327047,7127.83,37.32951073,0.006012162,0.039337
2018-01-11,0.014291748,4205.5863,14.89220239,0.020007142,6425.94,29.5657359,0.008299668,7175.4,37.56900357,0.00597408,0.039546
2018-01-10,0.014327566,4207.8132,14.87242105,0.020033753,6405.94,29.49862475,0.00831855,7138.78,37.40072148,0.00600096,0.039201
2018-01-09,0.014343706,4189.2977,14.76729695,0.020176368,6445.75,29.68089951,0.008267465,7176.74,37.61970317,0.005966029,0.038909
2018-01-08,0.01437068,4160.1595,14.72032992,0.020240743,6446.18,29.68179113,0.008267216,7188.29,37.68289591,0.005956867,0.03911
2018-01-05,0.01442226,4138.7505,14.65625732,0.020329229,6417.25,29.54161,0.008306446,7176.87,37.61360671,0.00596784,0.039212
2018-01-04,0.014443761,4128.8119,14.61703222,0.020383783,6417.54,29.53791486,0.008307485,7174.87,37.57993596,0.005973187,0.039319
2018-01-03,0.014495958,4111.3925,14.56310675,0.020459262,6388.25,29.38799276,0.008349866,7159.88,37.49026252,0.005987475,0.039162
2018-01-02,0.014587997,4087.4012,14.49246729,0.020558985,6332.23,29.128204,0.008424336,7092.09,37.14176676,0.006043654,0.039008
2017-12-31,,,,,,,,,,,0.038807
2017-12-30,,,,,,,,,,,0.038807
2017-12-29,0.015120023,4030.8549,14.30347711,0.020830628,6250.82,28.7551431,0.008533631,7017.35,36.77024783,0.006113752,0.038807
2017-12-28,0.015207628,4018.8974,14.24621246,0.020912302,6204.27,28.53102221,0.008600666,6956.48,36.43043691,0.006170779,0.038857
2017-12-27,0.015296264,3991.2075,14.13576476,0.021075697,6173.15,28.38520247,0.008644849,6942.54,36.35312287,0.006179882,0.038956
2017-12-26,0.015161577,4053.6224,14.30249731,0.020830006,6220.15,28.596161,0.008578469,6970.75,36.50800856,0.006153663,0.038881
2017-12-25,0.015262557,4041.5401,14.20501053,0.020976861,6185.59,28.43931801,0.00862578,6940.51,36.30041034,0.006189997,0.038731
2017-12-22,0.01516641,4054.5984,14.22895296,0.020924039,6242.88,28.67774394,0.008554065,7037.4,36.77600454,0.006109947,0.03878
2017-12-21,0.015152406,4067.8485,14.25227342,0.020889801,6238.5,28.62431453,0.008570032,7051.34,36.82276041,0.006102189,0.039005
2017-12-20,0.015225866,4030.4898,14.16819835,0.021013763,6199.36,28.44730916,0.008623357,7041.5,36.74497461,0.00611463,0.039005
2017-12-19,0.015168351,4035.3294,14.17183342,0.021008373,6251.24,28.66830953,0.00855688,7115.85,37.12349939,0.006052283,0.039005
2017-12-18,0.015317067,3985.2914,14.00249853,0.021262431,6199.99,28.43569897,0.008626877,7075.87,36.90285985,0.006089023,0.038904
2017-12-15,0.015301085,3980.8558,13.96811696,0.021314767,6235.76,28.56674475,0.008587303,7122.75,37.16173604,0.006046606,0.038904
2017-12-14,0.015189161,4026.1516,14.1033547,0.021110379,6284.08,28.78423173,0.008522419,7146.45,37.28571622,0.0060265,0.039104
2017-12-13,0.015149842,4050.0927,14.18253407,0.020992522,6277.44,28.73949038,0.008535782,7139.72,37.23625652,0.006034505,0.039303
2017-12-12,0.015260325,4016.0163,14.07453972,0.021153599,6233.21,28.51950992,0.008601621,7095.59,37.00453348,0.006072293,0.039378
2017-12-11,0.01509521,4069.4997,14.25943939,0.020879303,6286.17,28.76485552,0.008528255,7160.43,37.36044428,0.006014446,0.039303
2017-12-08,0.015268806,4003.3792,14.01708589,0.021353679,6203.14,28.60060938,0.008385678,7078,39.14702496,0.006279213,0.039102
2017-12-07,0.015379986,3971.0569,13.95493116,0.021448788,6135.47,28.27574092,0.008482024,7012.71,38.76670466,0.006341447,0.038927
2017-12-06,0.015276102,4015.8211,14.09812194,0.021230938,6172.8,28.43928886,0.008433246,7016.76,38.77850629,0.006339517,0.038752
2017-12-05,0.015272849,4040.1704,14.18856444,0.021095605,6132.91,28.26394656,0.008485563,6946.56,38.39632788,0.006402081,0.038752
2017-12-04,0.015179113,4018.8571,14.07558022,0.021264939,6279.62,28.90987151,0.008295973,7139.75,39.45584556,0.00622947,0.038902
2017-12-01,0.015143181,3998.1365,14.02530172,0.021340677,6316.41,29.06563384,0.008251515,7215.78,39.90762433,0.006158949,0.038852
2017-11-30,0.015175371,4006.0993,14.06592422,0.021279045,6263.42,28.82601336,0.008320107,7153.57,39.56888552,0.00621719,0.038901
2017-11-29,0.015068472,4053.7529,14.18745966,0.02109676,6318.37,29.06227923,0.008252467,7193.12,39.80458912,0.006181646,0.039101
2017-11-28,0.015095055,4055.8235,14.18255378,0.021104057,6299.31,28.96517133,0.008280134,7176.92,39.67813934,0.006201346,0.039601
2017-11-27,0.01519877,4049.9475,14.20156158,0.021101424,6194.55,28.49406597,0.00841784,7065.84,39.07676963,0.006297959,0.039501
2017-11-24,0.015065406,4104.2034,14.37299791,0.020849733,6278.03,28.82890302,0.008330667,7139.55,39.79762266,0.006244654,0.039463
2017-11-23,0.015080063,4102.3966,14.37019282,0.02086214,6274.51,28.81766921,0.008333914,7129.05,39.75327635,0.006284744,0.039851
2017-11-22,0.014713341,4227.5666,14.73249194,0.020349102,6439.44,29.58213358,0.008118549,7297.39,40.66539883,0.006139876,0.03985
2017-11-21,0.014771469,4217.7015,14.6124833,0.020516224,6456.35,29.67097327,0.00809424,7289.31,40.64850327,0.006142872,0.0395
2017-11-20,0.014873153,4143.8334,14.4457621,0.020753006,6433.17,29.55489866,0.00812603,7292.46,40.66985177,0.00614011,0.0394
2017-11-17,0.015007656,4120.8508,14.35250578,0.020972024,6361.94,29.2735677,0.008204124,7272.66,40.5414256,0.006159561,0.0392
2017-11-16,0.01485489,4105.0122,14.24094487,0.021136315,6558.31,30.18774359,0.007955679,7535.59,42.01246499,0.00594638,0.039225
2017-11-15,0.014882675,4073.6696,14.20898103,0.021195191,6537.66,30.10308541,0.007987005,7556.42,42.11140408,0.005932409,0.0395
2017-11-14,0.014756354,4099.35,14.31312371,0.021040974,6614.51,30.48435748,0.007893525,7627.49,42.55177757,0.00587479,0.039525
2017-11-13,0.014660214,4128.0733,14.39212795,0.020925472,6671.21,30.73476244,0.007829215,7681.63,42.87628782,0.005830326,0.0395
2017-11-10,0.014714638,4111.9112,14.32159623,0.021028527,6641.22,30.60035279,0.007863604,7669.97,42.81047128,0.005842092,0.039
2017-11-09,0.014751155,4075.8998,14.29252956,0.021071292,6611.35,30.47539173,0.007895848,7656.67,42.70613146,0.005856366,0.038863
2017-11-08,0.014825835,4048.0057,14.24199156,0.021146064,6561.69,30.23106398,0.007965402,7617.52,42.48167561,0.005887308,0.038725
2017-11-07,0.014828685,4054.2465,14.2628363,0.02111516,6551.94,30.19647807,0.007974526,7596.17,42.3652905,0.005901889,0.038813
2017-11-06,0.014934412,4020.8896,14.14398683,0.021292587,6511.1,30.01939787,0.008021566,7551.35,42.10874788,0.005937886,0.038694
2017-11-03,0.015031732,3992.6979,14.10077591,0.021351568,6426.98,29.65519689,0.008131329,7476.98,41.68370863,0.005997576,0.038816
2017-11-02,0.014962816,3997.1343,14.12615029,0.021313215,6484.93,29.93455319,0.008055445,7542.35,42.06093814,0.005944124,0.038718
2017-11-01,0.014892899,3996.6221,14.12893083,0.021309081,6552.95,30.237661,0.007980313,7635.44,42.58986937,0.00587248,0.03863
2017-10-31,0.014894324,4006.7179,14.1333584,0.021302406,6560.21,30.27247591,0.00797092,7631.53,42.55547396,0.005878337,0.038917
2017-10-30,0.014940563,4009.7218,14.30047049,0.0212944,6511.76,30.67098424,0.008034452,7574.65,43.04313572,0.00592327,0.039115
2017-10-27,0.014795706,4021.9676,14.42217617,0.021301614,6630.81,32.06255172,0.007854573,7770.71,44.65356246,0.005794061,0.038266
2017-10-26,0.014817086,3993.5752,14.42655972,0.021458973,6671.93,32.89252883,0.00781284,7830.11,45.26353228,0.005753051,0.037769
2017-10-25,0.014851531,3976.949,14.45617526,0.021477898,6647.89,33.64329513,0.007840191,7799.75,45.38532955,0.005779299,0.037768
2017-10-24,0.01490882,3959.3953,14.44784487,0.021500043,6603,33.64399579,0.007897027,7752.92,45.30800028,0.005814391,0.03722
2017-10-23,0.014931486,3930.7981,14.3608189,0.02163318,6612.76,33.83473088,0.007879889,7793.54,45.8101183,0.005786406,0.037231
2017-10-20,0.014967338,3926.852,14.42296356,0.021610464,6571.42,33.69488515,0.007929463,7751.43,45.73642036,0.005819902,0.037217
2017-10-19,0.015024127,3931.2495,14.45795596,0.021559769,6501.4,33.5076223,0.008012705,7656.06,45.25108178,0.005892665,0.037167
2017-10-18,0.014953485,3944.1626,14.46630776,0.021548946,6563.44,33.83575096,0.00793835,7730.27,46.0264276,0.005836055,0.037366
2017-10-17,0.014973861,3913.0688,14.3307862,0.021753348,6612.94,34.06843244,0.007882599,7805.07,46.50565836,0.005782771,0.037409
2017-10-16,0.014958255,3913.4462,14.35665804,0.021714102,6619.21,34.1296162,0.007883754,7819.59,46.66411546,0.005776402,0.037054
2017-10-13,0.014856503,3921.0017,14.34569783,0.021747336,6709.82,34.68087676,0.007775536,7972.42,47.57293127,0.005669658,0.03674
2017-10-12,0.014905877,3912.9536,14.34362897,0.021753181,6659.1,34.43901589,0.007830942,7940.14,47.23070429,0.00571107,0.036765
2017-10-11,0.014896216,3902.6868,14.33725989,0.021762845,6666.47,34.50473769,0.007824845,7961.11,47.35809905,0.005700106,0.03654
2017-10-10,0.014906514,3889.8637,14.28368998,0.021844268,6705.48,34.6546894,0.007790987,7994.46,47.51943474,0.005681019,0.03647
2017-10-09,0.01497008,3882.2076,14.25858569,0.021882728,6678.37,34.51184672,0.007823233,7941.18,47.19103462,0.005721373,0.036477
2017-09-30,,,,,,,,,,,0.036136
2017-09-29,0.015114412,3836.5013,14.13390396,0.022075765,6603.26,34.12948643,0.007912336,7842.59,46.63295856,0.005790852,0.036136
2017-09-28,0.015180984,3822.5386,14.1120879,0.022109892,6567.79,33.90910221,0.007963953,7768.38,46.22157929,0.005842974,0.036136
2017-09-27,0.015155322,3821.2,14.11387386,0.022107095,6583.14,33.97589624,0.007948296,7810.23,46.47888403,0.00581052,0.036235
2017-09-26,0.015194712,3820.7816,14.13920063,0.022067495,6520.72,33.65683412,0.008022912,7746.24,46.11013578,0.005856988,0.036172
2017-09-25,0.015207673,3817.7915,14.13377678,0.022075964,6489.84,33.511894,0.008057611,7731.8,46.02517924,0.00586699,0.035985
2017-09-22,0.015115598,3837.7304,14.1382579,0.022068967,6572.01,33.92316621,0.007959924,7849.73,46.72519588,0.005779093,0.036209
2017-09-21,0.015086954,3837.8176,14.13079341,0.022080625,6612.05,34.13817126,0.007909791,7886.52,46.95363381,0.005751203,0.036334
2017-09-20,0.015034588,3842.4353,14.08020475,0.022130738,6692.47,34.52761882,0.007820574,7975.39,47.48535635,0.005688612,0.036209
2017-09-19,0.015105127,3832.1161,14.05158246,0.022175817,6636.02,34.23191794,0.00788813,7905.71,47.124902,0.005734982,0.036158
2017-09-18,0.015069722,3843.1428,14.06548765,0.022153894,6669.45,34.3876154,0.007852414,7941.68,47.33813768,0.005708339,0.03622
2017-09-15,0.015133028,3831.2965,14.0408741,0.022192729,6622.04,34.14549524,0.007908095,7880.57,46.98434046,0.005751556,0.035982
2017-09-14,0.015059747,3829.9554,14.0821328,0.022127708,6672.18,34.39576356,0.007850554,7916.67,47.24121291,0.005719646,0.035982
2017-09-13,0.015010531,3842.6061,14.14671929,0.022026684,6684.38,34.46377887,0.007837131,7928.75,47.31021464,0.005718699,0.036356
2017-09-12,0.015042345,3837.9341,14.14790849,0.022024833,6644.01,34.26540807,0.007882502,7899.42,47.14043686,0.005740815,0.036181
2017-09-11,0.015043434,3825.6453,14.10447761,0.022083939,6649.63,34.28189966,0.007877104,7920.69,47.28551502,0.00572752,0.036156
2017-09-08,0.015109896,3825.9895,14.10590063,0.022081711,6574.18,33.91640154,0.007961992,7838.8,46.79754054,0.005787243,0.036005
2017-09-07,0.015118082,3829.8713,14.11831184,0.022062299,6558.6,33.84325801,0.007979199,7823.4,46.69254508,0.005800257,0.036155
2017-09-06,0.015042005,3849.4499,14.20111286,0.021935641,6607.12,34.09279851,0.007917675,7858.28,46.84242151,0.005781241,0.036554
2017-09-05,0.015059767,3857.0464,14.22492609,0.02189892,6571.86,33.94534228,0.007952069,7800.54,46.52337232,0.005820888,0.036641
2017-09-04,0.015099279,3845.6163,14.16187938,0.021997719,6564.68,33.9386547,0.007954327,7798.18,46.49909023,0.005820224,0.036454
2017-09-01,0.015177016,3830.5383,14.08566118,0.022116749,6526.5,33.69982487,0.008010699,7739.91,46.17885185,0.005860585,0.036353
2017-08-31,0.015191978,3822.0928,14.16240208,0.022049465,6470.43,33.39729667,0.008095883,7679.87,45.83453473,0.005904705,0.036265
2017-08-30,0.015174494,3834.3005,14.40574682,0.021933563,6453.46,33.43043576,0.008104975,7654.37,45.69894837,0.005923462,0.036303
2017-08-29,0.015173369,3834.5376,14.48512986,0.021878577,6408.16,33.15996934,0.008143489,7623.26,45.60503344,0.005922077,0.036303
2017-08-28,0.015152058,3842.7119,14.51495444,0.021873465,6424.58,33.79186682,0.008077483,7642.65,46.14200969,0.005898729,0.036502
2017-08-25,0.015258178,3795.7544,14.39293308,0.021983727,6346.53,33.76020176,0.008167972,7559.31,45.70701794,0.005961246,0.036327
2017-08-24,0.015346573,3734.6458,14.09501016,0.022149773,6278.59,33.64852657,0.008235826,7486.06,45.456917,0.00602774,0.036252
2017-08-23,0.015263843,3756.0884,14.14349968,0.022064507,6322.78,34.00926736,0.008151088,7534.46,45.93059595,0.005986849,0.036152
2017-08-22,0.015250788,3752.298,14.09633597,0.022148058,6375.98,34.39020705,0.008084686,7585.11,46.28212687,0.005943321,0.036201
2017-08-21,0.015234526,3740.9941,14.06018678,0.022212989,6403.78,34.58258609,0.007965403,7631.75,46.71688658,0.005916644,0.036181
2017-08-18,0.015339023,3724.6748,14.01746853,0.022332769,6347.76,34.53520889,0.008019692,7576.05,46.67020691,0.00596293,0.035951
2017-08-17,0.015227954,3721.277,14.02699045,0.02217638,6366.03,34.91340038,0.007984415,7614.21,47.47437561,0.005933072,0.035926
2017-08-16,0.015319938,3701.4207,13.95675061,0.02228681,6318.8,34.69202883,0.008040973,7544.39,47.09163208,0.005987739,0.035988
2017-08-15,0.015332876,3706.0566,13.98099479,0.022246821,6314.76,34.7573195,0.008040144,7507.29,46.9310097,0.006018229,0.035801
2017-08-14,0.015409379,3694.6831,13.89427604,0.02238536,6292.64,34.7191875,0.008057972,7474.64,46.95832547,0.006041869,0.035925
2017-08-11,0.015593658,3647.3503,13.79009208,0.022554206,6161.19,34.10104514,0.008180511,7328.4,46.02635369,0.006139967,0.036163
2017-08-10,0.015349714,3715.9208,14.00333408,0.022218683,6289.22,34.77032257,0.008018733,7441.24,46.69567555,0.006048602,0.036375
2017-08-09,0.015262946,3731.044,14.045206,0.022153607,6340.02,35.1088297,0.00793902,7495.39,47.13750629,0.005982102,0.0366
2017-08-08,0.015238778,3732.2129,14.11809224,0.022038724,6303.72,34.90349889,0.007961562,7470.69,46.90044115,0.005972106,0.036538
2017-08-07,0.015268387,3726.7948,14.09515324,0.022075243,6303.42,34.97465625,0.007961142,7445.18,46.82803307,0.005981161,0.036626
2017-08-04,0.01535427,3707.5796,14.04997369,0.022146432,6225.12,34.50960652,0.008057818,7389.15,46.56646532,0.006024055,0.036262
2017-08-03,0.015286308,3727.8264,14.10462034,0.022060628,6261.97,34.73068671,0.00798763,7424.11,46.80287676,0.005995202,0.036262
2017-08-02,0.015241486,3760.8525,14.21578036,0.021888125,6251.86,34.67733437,0.007986327,7389.51,46.61361508,0.006022631,0.036311
2017-08-01,0.015197534,3770.3828,14.21600781,0.021890044,6286.54,34.88724086,0.00793872,7452.93,46.95146601,0.005990662,0.036373
2017-07-31,0.015279381,3737.8732,14.09911391,0.022091813,6298,34.95500039,0.007923914,7444.96,47.04413482,0.006013998,0.03626
2017-07-28,0.015381644,3721.8914,14.06616165,0.022167998,6215.46,34.54358898,0.008030942,7386.21,46.64914031,0.00606931,0.036034
2017-07-27,0.01540499,3712.1947,14.04482062,0.022213302,6184.02,34.36755286,0.008070343,7383.11,46.67809791,0.006072701,0.036021
2017-07-26,0.015482959,3705.3884,14.0490832,0.022207161,6146.7,34.14612369,0.008122677,7289.88,46.13470231,0.00617684,0.03617
2017-07-25,0.015483222,3719.559,14.03461628,0.022230639,6153.6,34.20177446,0.008076724,7278.84,46.12719002,0.006183448,0.03592
2017-07-24,0.01545863,3743.4686,14.04653295,0.022210003,6167.13,34.28723994,0.008056591,7292.65,46.19639309,0.006173665,0.035769
2017-07-21,0.015540479,3728.5976,14.00602412,0.022277576,6126.11,34.02549514,0.008130114,7252.71,45.92083979,0.006236509,0.035829
2017-07-20,0.015509255,3747.8843,14.06333413,0.022186792,6099.28,33.93325948,0.008177111,7244.9,45.92330405,0.006240014,0.03574
2017-07-19,0.015578175,3729.7466,14.00776308,0.022277643,6059.36,33.72628728,0.008227292,7202.81,45.62076464,0.006276527,0.035901
2017-07-18,0.015800359,3667.1807,13.83944474,0.022548588,5938.43,33.06275001,0.00844381,7109.6,45.04435405,0.006356844,0.035851
2017-07-17,0.015854867,3663.5575,13.85582832,0.022521926,5876.46,32.71448483,0.008533699,7048.54,44.7239846,0.006408327,0.035626
2017-07-14,0.015511046,3703.094,13.87446944,0.022506454,6128.74,34.13143881,0.008183577,7433.18,47.17935087,0.006090493,0.035637
2017-07-13,0.015505583,3686.9205,13.83044583,0.022578094,6149.93,34.25276736,0.00815459,7474.3,47.42823693,0.006063325,0.035643
2017-07-12,0.015571606,3658.8236,13.72272973,0.02275532,6132.99,34.18997771,0.008171675,7474.33,47.43070923,0.006063009,0.035749
2017-07-11,0.015552198,3670.8086,13.7477018,0.022713986,6128.99,34.18125385,0.008173761,7484.06,47.4964635,0.006054615,0.035836
2017-07-10,0.015493807,3653.6868,13.70161025,0.022790395,6206.56,34.59207923,0.008076687,7577.82,48.05709437,0.005984035,0.035911
2017-07-07,0.015472789,3655.9293,13.69591495,0.02283255,6226.01,34.68042188,0.008058744,7623.38,48.3551682,0.005953717,0.035897
2017-07-06,0.01549726,3660.0967,13.70958028,0.022809791,6201.65,34.56697325,0.008087827,7601.79,48.21489701,0.005981752,0.03566
2017-07-05,0.015517894,3659.6795,13.69678113,0.022831106,6193.96,34.54072682,0.008093973,7588.09,48.13676551,0.00598643,0.03576
2017-07-04,0.015641275,3619.9841,13.59039004,0.023009838,6146.85,34.29983808,0.008150817,7523.7,47.73903662,0.006036149,0.036009
2017-07-03,0.015576442,3650.8463,13.66326264,0.022887115,6177.4,34.46693245,0.008111302,7537.11,47.84058559,0.006023336,0.036033
2017-06-30,0.016005338,3666.7977,13.70006679,0.022825631,6138.16,34.26268261,0.008248629,7465.76,47.39128616,0.006127667,0.035683
2017-06-29,0.016014354,3668.8279,13.7117284,0.022806218,6116.99,34.14136873,0.008277938,7456.67,47.31841573,0.006139712,0.035483
2017-06-28,0.016093871,3646.1666,13.63099688,0.022942527,6086.21,33.95820205,0.008322589,7423.47,47.12527218,0.006164875,0.035333
2017-06-27,0.015998112,3674.7152,13.71200421,0.022806988,6113.17,34.12072202,0.008282947,7474.03,47.44602629,0.006123198,0.035084
2017-06-26,0.016033154,3668.0919,13.69343037,0.022837924,6111.64,34.10142069,0.008365598,7462.1,47.36735877,0.006139074,0.035134
2017-06-23,0.016194859,3622.8831,13.58587967,0.023018717,6010.31,33.54838939,0.008503502,7376.67,46.84226585,0.006218738,0.035457
2017-06-22,0.016265319,3590.3425,13.49489547,0.023173912,5992.34,33.45758439,0.00852658,7371.96,46.78345502,0.006232601,0.035607
2017-06-21,0.01618024,3587.955,13.45378371,0.023244726,6078.19,33.92357593,0.008409455,7504.19,47.57465685,0.006127228,0.035406
2017-06-20,0.016262018,3546.494,13.34018222,0.023439375,6066.9,33.85865344,0.00842558,7503.8,47.58152846,0.006126343,0.034881
2017-06-19,0.01626092,3553.6653,13.35165444,0.023419235,6057.41,33.82764684,0.008433303,7489.76,47.50858248,0.006137615,0.035006
2017-06-16,0.016369632,3518.7611,13.26619004,0.023570108,6013,33.54818316,0.008503554,7442.95,47.1984313,0.006186012,0.03568
2017-06-15,0.016327677,3528.7926,13.3089523,0.023494376,6021.17,33.59747395,0.008491078,7455.39,47.28557248,0.006174515,0.035554
2017-06-14,0.016366502,3535.2987,13.3599478,0.023404697,5966.43,33.28208316,0.008571542,7362.86,46.71729164,0.006251189,0.035354
2017-06-13,0.016265642,3582.2674,13.5051205,0.023153109,5980.06,33.35557228,0.008552657,7352.98,46.64002107,0.006261546,0.035754
2017-06-12,0.016376283,3574.3894,13.48451181,0.023188494,5902.86,32.92855558,0.008663568,7246.71,45.95277799,0.006359072,0.035841
2017-06-09,0.016272098,3576.1703,13.36828956,0.023650605,5969.27,34.15060545,0.008344266,7348.52,49.85541597,0.005949331,0.036303
2017-06-08,0.016314432,3560.9786,13.31830601,0.023736402,5958.98,34.05640871,0.008367346,7342.48,49.81563441,0.005954082,0.036478
2017-06-07,0.016356966,3533.8718,13.24596497,0.023854956,5955.02,34.02724515,0.008374517,7347.6,49.82990115,0.005952298,0.036427
2017-06-06,0.016598022,3492.8816,13.11851767,0.024086709,5841.52,33.37813134,0.008537379,7197.62,48.81318475,0.006076277,0.036328
2017-06-05,0.016672338,3468.7538,13.05387471,0.024205987,5815.8,33.21708148,0.008578771,7160.53,48.57429587,0.006106191,0.036152
2017-06-02,0.016648784,3486.5074,13.18436059,0.02396642,5772.52,32.93775062,0.008651524,7094.43,48.15708486,0.006161999,0.036277
2017-06-01,0.016698355,3497.7382,13.23993481,0.023865821,5710,32.58793073,0.008757664,7016.3,47.51053327,0.006229259,0.036152
2017-05-31,0.016561456,3492.8845,13.18391859,0.023967223,5824.1,33.24246131,0.008585229,7212.7,48.81872815,0.006062334,0.036102
2017-05-27,,,,,,,,,,,0.036499
2017-05-26,0.016582746,3480.43,13.13108937,0.024061494,5836.93,33.30228563,0.008569807,7233.34,48.93617091,0.006062327,0.036501
2017-05-25,0.016584755,3485.6581,13.12187785,0.024078385,5850.8,33.36456785,0.008553809,7232.63,48.92035483,0.006066349,0.036476
2017-05-24,0.016789155,3424.1669,12.90952587,0.024474456,5799.25,33.10558534,0.00863407,7172.14,48.53247216,0.006114832,0.036601
2017-05-23,0.016822956,3424.194,12.91835647,0.024457726,5764.88,32.90285367,0.008687148,7138.24,48.32696727,0.00614164,0.036725
2017-05-22,0.016677469,3411.2387,12.8206054,0.024644205,5888.81,33.59316921,0.008508633,7372.79,49.97618313,0.005947576,0.036601
2017-05-19,0.016578455,3403.8492,12.76413393,0.024753236,5974.98,34.07565218,0.008401987,7510.11,50.92467276,0.005837148,0.03625
2017-05-18,0.016577127,3398.1127,12.75720668,0.024766677,5976.3,34.07893941,0.008401176,7519.19,51.03520222,0.005817769,0.036075
2017-05-17,0.016491096,3409.9656,12.7831312,0.024717609,6027.65,34.4946183,0.008305807,7570.44,51.38862879,0.005731933,0.036275
2017-05-16,0.016461546,3428.6491,12.86403125,0.024562164,6014.73,34.41539746,0.008324926,7549.76,51.24202337,0.005742088,0.036225
2017-05-15,0.016647894,3399.1937,12.81945274,0.024647576,5893.51,33.73412279,0.008493052,7391.61,50.19966439,0.005861318,0.0361
2017-05-12,0.016694278,3385.3787,12.78310412,0.024717661,5863.78,33.56364507,0.008536899,7371.3,50.04629373,0.005879281,0.036525
2017-05-11,0.016784428,3356.6459,12.65223039,0.024973339,5872.64,33.60144087,0.008518634,7387.15,50.15634791,0.005867604,0.0364
2017-05-10,0.016798931,3337.7007,12.56662894,0.025143453,5885.84,33.67432128,0.008500538,7451.78,50.57852396,0.005815819,0.0369
2017-05-09,0.016632265,3352.5324,12.59993418,0.025076991,6012,34.37770271,0.008310554,7602.96,51.56533238,0.005704521,0.036325
2017-05-08,0.016676151,3358.8125,12.63066733,0.025015974,5975.54,34.13281849,0.008373112,7555.28,51.19982698,0.005736238,0.036042
2017-05-05,0.016488398,3382.5502,12.67190584,0.024934946,6089.68,34.79248269,0.008214358,7700.26,52.22263238,0.005623981,0.035592
2017-05-04,0.016350622,3404.3864,12.72499357,0.02483092,6176.31,35.2748013,0.008102042,7804.58,52.9153874,0.005551403,0.035517
2017-05-03,0.016320637,3413.1282,12.74168075,0.0247984,6197.48,35.3904789,0.0081012,7830.64,53.07626997,0.005538507,0.035219
2017-05-02,0.016268497,3426.5766,12.79730116,0.02469062,6216.12,35.48580056,0.008079439,7845.47,53.40281836,0.005533874,0.03487
2017-04-28,0.016052326,3439.75,13.03897227,0.024239439,6211.86,36.33865123,0.008047534,7842.08,54.17405473,0.00545414,0.034668
2017-04-27,0.015811678,3446.7202,13.36445154,0.023877804,6192.3,36.89149158,0.007955916,7799.12,54.38087058,0.005305472,0.034494
2017-04-26,0.015879336,3445.1832,13.40156156,0.023993307,6176.4,37.96981148,0.007898244,7751.94,53.41820342,0.005285644,0.034519
2017-04-25,0.015879591,3440.9743,13.40891642,0.023982526,6160.46,38.30205239,0.007930365,7724,53.64973355,0.00522109,0.034568
2017-04-24,0.015866176,3431.2587,13.43135208,0.023944088,6138.5,37.95542104,0.007922303,7698.28,54.41461789,0.005219049,0.034991
2017-04-21,0.015485636,3466.7865,13.55772861,0.023735593,6300.71,39.15106818,0.007665654,7945.39,56.57002069,0.005037289,0.034614
2017-04-20,0.015459781,3461.5481,13.51324034,0.023849116,6347.77,39.59299238,0.007554264,7987.65,57.06638474,0.004981396,0.03424
2017-04-19,0.015425139,3445.8761,13.48107543,0.0238951,6350.65,39.88551087,0.007469022,8033.5,57.30709476,0.004914091,0.034065
2017-04-18,0.015264777,3462.7429,13.58104322,0.023715608,6418.21,40.46852586,0.007364013,8136.41,58.51073095,0.004836348,0.034064
2017-04-17,0.015142092,3479.9417,13.64787364,0.02363602,6456.6,40.87606451,0.00727581,8220.66,60.43220661,0.004668527,0.03416
2017-04-14,0.014976115,3486.5045,13.6864043,0.023583981,6528.16,41.47120395,0.007132762,8345.65,61.536473,0.004520733,0.033599
2017-04-13,0.01478822,3514.5662,13.79145417,0.023385511,6615.7,42.06511124,0.007008022,8470.31,62.40765985,0.004434408,0.03322
2017-04-12,0.014778233,3509.4387,13.7924986,0.023349783,6576.48,41.89894395,0.00694406,8444.39,62.07327712,0.004440913,0.033283
2017-04-11,0.014690268,3517.328,13.8146594,0.023325448,6629.17,42.41736245,0.006878205,8514.44,62.67437033,0.00434674,0.033209
2017-04-10,0.014747252,3505.1392,13.7732445,0.023339508,6566.54,42.10157072,0.006908973,8449.16,62.53066298,0.004356453,0.033166
2017-04-07,0.014666729,3517.4634,13.81405317,0.023310688,6578.73,42.62130668,0.006953186,8544.75,63.73340393,0.004229952,0.032966
2017-04-06,0.014643944,3514.0469,13.77074062,0.023384636,6559.65,42.51559565,0.006957448,8543.66,63.7574028,0.004220216,0.033109
2017-04-05,0.014615658,3503.8932,13.74373154,0.023293697,6539.97,42.62808981,0.007003131,8522.01,63.6036723,0.004222589,0.033102
2017-04-01,,,,,,,,,,,0.03273
2017-03-31,0.014947315,3456.05,13.51876459,0.023796341,6401.65,41.79363014,0.00715121,8339.15,62.27930726,0.00430131,0.032828
2017-03-30,0.014926106,3436.758,13.4425898,0.023863873,6375.74,42.05829456,0.007084138,8315.05,62.12696242,0.004245063,0.03289
2017-03-29,0.014706517,3465.1933,13.50351854,0.023812367,6480.54,44.82010925,0.006748248,8488.22,62.63700171,0.00414303,0.032695
2017-03-28,0.014614493,3469.8093,13.46447961,0.023748888,6498.69,44.75695768,0.00667908,8558.07,63.30705947,0.004089233,0.032626
2017-03-27,0.014501766,3478.0385,13.50507982,0.023662461,6516.03,46.83645616,0.006517329,8586.91,65.48377007,0.004031402,0.032451
2017-03-24,0.014245033,3489.5997,13.60636489,0.023181266,6546.62,47.00906212,0.006474501,8602.29,65.9487554,0.003997857,0.032529
2017-03-23,0.014403707,3461.9782,13.49809779,0.023521036,6512.19,46.89139088,0.006519772,8590.96,65.95151754,0.003998337,0.033034
2017-03-22,0.014375348,3450.0502,13.44364712,0.023515942,6499.79,47.23105678,0.006502346,8592.51,66.06845764,0.003995554,0.033068
2017-03-21,0.014355082,3466.3468,13.5343081,0.023377528,6515.95,46.94165931,0.006546222,8639.57,66.49450094,0.003982477,0.033141
2017-03-20,0.014378082,3449.6126,13.47759015,0.023488596,6498.34,46.92880002,0.006486064,8634.84,67.53955087,0.003918493,0.033141
2017-03-17,0.014335216,3445.8051,13.47506482,0.023448531,6483.25,47.29098131,0.006475286,8603.87,66.97112748,0.003952564,0.033124
2017-03-16,0.014192036,3481.5066,13.60178036,0.023210989,6543.34,47.75673425,0.006388742,8664.98,67.75017869,0.003903996,0.033097
2017-03-15,0.014265537,3463.6436,13.53866728,0.023261506,6486.06,47.50736469,0.006420309,8574.03,67.00299076,0.003947381,0.033524
2017-03-14,0.014257908,3456.6934,13.52097258,0.023292015,6493.48,47.8146621,0.006411003,8581.71,67.16938826,0.003930222,0.033653
2017-03-13,0.014245532,3458.098,13.51411751,0.023305347,6507.9,47.93853297,0.006403471,8598.52,67.349614,0.003912427,0.033851
2017-03-10,0.014326884,3427.8916,13.40565706,0.023490174,6447.92,47.58534843,0.006430734,8537.78,66.85990022,0.003926205,0.034156
2017-03-09,0.014320088,3426.9438,13.41557948,0.023473482,6439.38,47.49775677,0.006448419,8535.56,67.09495943,0.003888823,0.034151
2017-03-08,0.014213604,3448.7313,13.50298338,0.023320753,6497.09,47.92141767,0.006379394,8589.87,67.42183865,0.003849693,0.034088
2017-03-07,0.014177417,3453.9565,13.5196345,0.023294885,6523.19,48.14329616,0.00634641,8624.47,67.82870614,0.003826384,0.033643
2017-03-06,0.014220122,3446.484,13.48449865,0.023375319,6517.32,48.12811949,0.006346581,8608.15,67.54785279,0.003837797,0.033615
2017-03-03,0.014298632,3427.8628,13.44026349,0.023451186,6452.84,47.66596068,0.006250874,8505.45,66.68080824,0.003887038,0.033573
2017-03-02,0.014269039,3435.0963,13.49187882,0.023359218,6434.63,47.5397204,0.006267561,8471.44,66.50735257,0.003896263,0.033483
2017-03-01,0.014189069,3458.4376,13.57197963,0.023221353,6467.64,47.83975857,0.006238876,8526.47,66.95000523,0.003871776,0.033252
2017-02-28,0.014221558,3452.8103,13.55429878,0.023257388,6450.97,48.32776809,0.006255207,8508.09,66.83632006,0.003882753,0.032921
2017-02-27,0.014266852,3446.2228,13.52886476,0.02328622,6424.25,48.20646797,0.006268108,8476.91,66.53287397,0.003848989,0.032871
2017-02-24,0.014159547,3473.8517,13.62653901,0.02311048,6476.17,48.60688476,0.006216932,8543.45,67.0317619,0.003818956,0.032916
2017-02-23,0.014182057,3473.3236,13.63927311,0.023088903,6473.99,48.58829359,0.006219311,8512.7,66.78791369,0.003832606,0.032714
2017-02-22,0.014155824,3489.7567,13.70115841,0.022984616,6474.23,48.57418569,0.006221117,8510.31,66.74120935,0.003835288,0.032839
2017-02-21,0.014206189,3482.823,13.66408311,0.023046981,6434.44,48.30892805,0.006255128,8479.61,66.46155586,0.00385166,0.033013
2017-02-20,0.014308618,3471.3926,13.61828288,0.023141732,6385.06,47.94679113,0.006303162,8397.24,65.83925928,0.003892133,0.032812
2017-02-17,0.014459349,3421.4419,13.43720953,0.023453578,6307.16,47.39132779,0.006308748,8324.42,65.29698839,0.003925509,0.033311
2017-02-16,0.01434532,3440.9331,13.53208362,0.023289144,6359.34,47.77576347,0.006257984,8397.56,65.83169804,0.003893443,0.033559
2017-02-15,0.014414311,3421.7131,13.48289092,0.023374115,6311.7,47.44364898,0.006301791,8344.07,65.45474679,0.003904772,0.034058
2017-02-14,0.014359571,3435.8042,13.48689396,0.023367178,6374.89,47.91534334,0.006239754,8423.84,66.0720234,0.003868292,0.034107
2017-02-13,0.014358552,3436.275,13.48867746,0.02335062,6369.65,48.06526037,0.006274557,8432.96,66.19080117,0.003854789,0.034192
2017-02-10,0.014462733,3413.4868,13.40249508,0.023500772,6337.11,47.82922737,0.006305522,8380.79,65.53893557,0.003893818,0.034368
2017-02-09,0.014490123,3396.2924,13.32980234,0.023626166,6331.18,47.7380709,0.006317562,8410.26,65.7824697,0.003879402,0.034148
2017-02-08,0.014574599,3383.2878,13.2773591,0.023719486,6291.6,47.35196634,0.006369075,8342.43,65.25690385,0.003907405,0.034591
2017-02-07,0.014656876,3365.6849,13.22684864,0.023810065,6255.93,46.99796142,0.006417049,8282.37,64.77162647,0.00393668,0.034866
2017-02-06,0.014645418,3373.2051,13.25520984,0.02375912,6259.25,47.03086172,0.00641256,8280.01,64.74685918,0.003940977,0.034905
2017-02-04,,,,,,,,,,,0.034099
2017-02-03,0.014739638,3364.4923,13.224369,0.02381453,6207.09,46.64011995,0.006466283,8182.28,63.97778862,0.003988351,0.034214
2017-01-26,0.014657148,3387.9606,13.32805081,0.023629271,6223.71,46.77136788,0.006448138,8205.87,64.17566706,0.003976054,0.033465
2017-01-25,0.014730541,3375.9042,13.28301409,0.023709387,6179.57,46.39529776,0.006500405,8150.6,63.76141743,0.004001886,0.033463
2017-01-24,0.014767486,3364.4509,13.25214031,0.02374512,6165.26,46.28752424,0.00651554,8123.59,63.52206554,0.004016853,0.032837
2017-01-23,0.014778111,3364.0808,13.19958058,0.023839672,6172.17,46.33062849,0.006509478,8169.11,63.63063656,0.003999358,0.032429
2017-01-22,,,,,,,,,,,0.03255
2017-01-20,0.01490587,3354.8891,13.16672005,0.023899169,6122,45.9413186,0.00656464,8087.77,62.94876281,0.004043251,0.03244
2017-01-19,0.015063649,3329.2891,13.10189968,0.024017408,6043.68,45.37110596,0.00664576,7955.39,61.89351259,0.004112037,0.032584
2017-01-18,0.015014432,3339.3653,13.13858046,0.023950355,6068.59,45.58071067,0.006615199,7989.14,62.1636586,0.004094167,0.032682
2017-01-17,0.015005013,3326.3563,13.09307614,0.024033593,6082.07,45.64666676,0.006610341,8028.65,62.58569355,0.004059584,0.032692
2017-01-16,0.015094497,3319.4455,13.07378486,0.024069056,6031.24,45.19713512,0.006682662,7931.96,61.81599926,0.004110132,0.032496
2017-01-13,0.01490916,3319.9122,13.02752401,0.024154526,6194.66,46.44963604,0.006502466,8286.24,64.59333143,0.003933407,0.032022
2017-01-12,0.01482021,3317.6241,12.99133133,0.024221818,6272.85,46.97532635,0.006429699,8443.26,65.83577351,0.003860098,0.031888
2017-01-11,0.014632401,3334.4954,13.11433471,0.023994634,6331.96,47.70864995,0.006334565,8519.85,66.85887962,0.003801359,0.032055
2017-01-10,0.014606582,3358.2716,13.10885657,0.024004662,6393.93,47.85538004,0.006315143,8609.55,67.12287972,0.003786408,0.031792
2017-01-09,0.014569079,3363.9014,13.13647509,0.023954193,6415.42,48.00165129,0.006295899,8653.85,67.43862132,0.003768681,0.031692
2017-01-06,0.014633227,3347.6665,13.07749757,0.024062223,6371.62,47.71366318,0.0063339,8609.9,67.19708973,0.003788486,0.031953
2017-01-05,0.014563044,3367.7892,13.10983493,0.02400287,6399.28,47.9230766,0.006306222,8670.76,67.70200037,0.00375999,0.032086
2017-01-04,0.014575325,3368.3117,13.08328839,0.024051573,6394.67,47.87572374,0.006312459,8669.95,67.72395211,0.003758772,0.031823
2017-01-03,0.014706718,3342.2272,12.99829339,0.024208845,6320.76,47.28936018,0.006390731,8565.14,66.87940533,0.003806237,0.031054
2016-12-31,,,,,,,,,,,0.030115
2016-12-30,0.015361834,3310.08,12.90710623,0.024452504,6263.63,46.87249427,0.006448366,8490.86,66.31294005,0.003839714,0.030115
2016-12-29,0.015395626,3297.7648,12.86441795,0.024535444,6252.61,46.7718673,0.006462239,8488.3,66.34448031,0.003838832,0.030471
2016-12-28,0.015367006,3301.8887,12.87876818,0.024508105,6270.24,46.90485177,0.006443918,8521.38,66.56398135,0.003826173,0.031223
2016-12-27,0.015319817,3316.3852,12.92103432,0.024427937,6288.86,47.05515869,0.006423334,8555.99,66.81926758,0.003810851,0.031628
2016-12-26,0.015317665,3322.4006,12.96675719,0.0243418,6294.75,47.11576791,0.006418951,8547.1,66.48690599,0.003829901,0.031551
2016-12-23,0.015384571,3307.5991,12.91162186,0.024445744,6282,47.00955815,0.006433538,8509.36,66.06736772,0.003854398,0.031769
2016-12-22,0.015258779,3335.672,13.0000508,0.024279459,6341.79,47.48162088,0.006369576,8607.95,66.83863033,0.003809921,0.031908
2016-12-21,0.015259059,3338.536,12.99239628,0.024297916,6347.61,47.56793832,0.006360576,8609.41,66.83434125,0.003810166,0.032815
2016-12-20,0.015409225,3309.0641,12.8490104,0.024569064,6300.64,47.21005164,0.006408794,8546.19,66.30337964,0.003840678,0.033739
2016-12-19,0.015349596,3328.9827,12.93034705,0.024414515,6320.73,47.36064374,0.006388416,8551.33,66.33449836,0.003839472,0.033316
2016-12-16,0.015320139,3346.0305,12.97125817,0.024337339,6318.52,47.34285204,0.006390817,8559.99,66.4343483,0.003835155,0.032803
2016-12-15,0.015387826,3340.4338,12.96759904,0.024344206,6280.4,47.05440608,0.006429993,8467.71,65.6908749,0.003877597,0.033315
2016-12-14,0.015332035,3378.9453,13.16728128,0.023975025,6239.5,46.76389149,0.006469938,8378.06,64.90306548,0.003920633,0.032186
2016-12-13,0.015248643,3405.0355,13.24135264,0.02384091,6278.18,47.04131755,0.006431782,8433.59,65.34564397,0.003894079,0.031863
2016-12-12,0.015262451,3409.1794,13.27468006,0.023781055,6249.08,46.80700755,0.006464274,8397.48,65.10299379,0.003908593,0.031458
2016-12-09,0.014775025,3493.7004,13.57364579,0.023944585,6513.92,44.33805982,0.006566359,8881.34,70.38902936,0.003930728,0.030853
2016-12-08,0.014828341,3470.1426,13.43633272,0.024189288,6527.43,44.38901382,0.006558821,8914.51,70.64354726,0.003916566,0.030753
2016-12-07,0.014775308,3475.7473,13.45879655,0.024148914,6558.02,44.59349864,0.006528746,8969.14,71.10319878,0.003891247,0.030877
2016-12-06,0.014884528,3459.1533,13.40940133,0.02424024,6490.89,44.08875884,0.006603488,8871.73,70.32835248,0.003933448,0.031151
2016-12-05,0.014870617,3469.4073,13.4637883,0.024142321,6486.02,44.02193217,0.006613513,8851.52,70.19413399,0.003940969,0.030302
2016-12-02,0.014724046,3528.9547,13.66033509,0.023794958,6520.97,44.2077336,0.006585717,8900.41,70.52508966,0.003924617,0.029895
2016-12-01,0.014567221,3565.036,13.73710119,0.023661986,6624.47,44.88221869,0.006486747,9055.99,71.70925321,0.003859808,0.029893
2016-11-30,0.014698219,3538.001,13.6367838,0.023847657,6585.58,44.61990941,0.006761725,9014.91,71.38567298,0.003877304,0.029502
2016-11-29,0.014630877,3564.0404,13.78220819,0.023663697,6620.79,44.87653555,0.006723058,9031.29,71.47725206,0.003876173,0.028906
2016-11-28,0.014619217,3535.0807,13.67496611,0.023853896,6670.8,45.21348372,0.006672955,9133.91,72.30450001,0.003834311,0.028502
2016-11-25,0.014672785,3521.2984,13.59473609,0.023994671,6652.82,45.104418,0.006767174,9134.82,72.34730255,0.003841624,0.02865
2016-11-24,0.014759315,3488.7402,13.46368315,0.024228231,6623.05,44.93124829,0.006793255,9116.57,72.18172143,0.003849958,0.028502
2016-11-23,0.014741593,3474.7289,13.43562092,0.024278835,6631.17,44.98988234,0.006784302,9180.01,72.68187167,0.003823019,0.028451
2016-11-22,0.014708052,3468.3637,13.42292803,0.024301793,6661.25,45.18891902,0.006754421,9244.21,73.21381747,0.003806614,0.028689
2016-11-21,0.014844158,3441.1106,13.2978083,0.02453045,6611.54,44.85301728,0.006805004,9167.49,72.53464248,0.003852065,0.028851
2016-11-18,0.014950452,3417.4554,13.17989522,0.024758931,6602.33,44.776532,0.006817233,9146.21,72.22253132,0.003880121,0.028901
2016-11-17,0.014893945,3436.535,13.25329498,0.02462181,6636.47,44.96515518,0.006782297,9174.44,72.36605773,0.003871016,0.029055
2016-11-16,0.014883166,3429.5921,13.23675556,0.024659426,6644.19,45.03162308,0.006772286,9211.95,72.68131207,0.003854226,0.028652
2016-11-15,0.01488839,3429.8697,13.23758959,0.024657872,6640.46,45.00318507,0.006776565,9197.86,72.52373875,0.003861955,0.028501
2016-11-14,0.014912932,3430.2482,13.26022467,0.024616874,6615.01,44.78159353,0.006810098,9152.17,72.14588504,0.003882181,0.028577
2016-11-11,0.014984759,3417.2211,13.19710588,0.024747942,6583.89,44.52882471,0.006848755,9121.51,71.85302229,0.003904741,0.02815
2016-11-10,0.01508545,3390.6119,13.09574399,0.024939493,6536.97,44.18477819,0.006902083,9083.84,71.54022202,0.003921887,0.027926
2016-11-09,0.015275432,3353.0547,12.94942481,0.025221291,6453.57,43.60973979,0.006993094,8967.6,70.55812566,0.003976475,0.027651
2016-11-08,0.015177376,3371.1177,13.02865953,0.025067906,6503.18,43.95210577,0.006938621,9030.73,71.07255031,0.003947708,0.027634
2016-11-07,0.015254995,3356.5916,12.97026463,0.025181643,6468.82,43.71177357,0.006976771,8975.57,70.6489966,0.003971375,0.027475
2016-11-04,0.015276963,3354.1749,12.95188966,0.025217369,6462.59,43.67043375,0.006988033,8979.93,70.6635928,0.003971806,0.027339
2016-11-03,0.015251181,3365.085,12.99286866,0.025137834,6483.73,43.77220343,0.006971786,9004.85,70.8357585,0.003963668,0.027301
2016-11-02,0.015365291,3333.3524,12.88322839,0.025351765,6455.13,43.55694473,0.007007971,8946.74,70.39388061,0.003988907,0.027372
2016-11-01,0.015262676,3359.0515,12.98286444,0.025157205,6507.95,43.92700461,0.006948933,9006.79,70.88164423,0.003965099,0.027375
2016-10-31,0.015402024,3336.2778,12.91225313,0.025310993,6452.21,43.53961776,0.007022598,8910.51,70.20471039,0.004007078,0.027425
2016-10-28,0.015401454,3340.1262,13.07765913,0.025273445,6455.83,44.44764656,0.007090689,8914.62,71.79201218,0.004010863,0.027027
2016-10-27,0.015319152,3345.695,13.17790345,0.025260408,6517.36,45.80178598,0.007016049,8997.02,75.52069417,0.003913095,0.027068
2016-10-26,0.015295582,3354.8003,13.22464401,0.025188911,6530.39,46.41980094,0.007000104,9000.76,76.80549553,0.003911619,0.0272
2016-10-25,0.015223309,3367.4547,13.28437758,0.025066811,6563.35,46.90359731,0.006964215,9039.48,77.46658426,0.003892411,0.026859
2016-10-24,0.015251706,3367.5778,13.32521851,0.025056164,6539.47,47.63709804,0.006990537,9000.7,78.20374859,0.003908336,0.026595
2016-10-21,0.015431245,3327.74,13.15435785,0.025387915,6475.28,47.74649698,0.007063381,8943.01,77.86340435,0.003934276,0.026451
2016-10-20,0.015429095,3318.6044,13.12572017,0.025482669,6498.24,48.05959076,0.007040217,8995.41,78.65723405,0.003911291,0.026518
2016-10-19,0.015453213,3316.2407,13.12115432,0.025491229,6495.26,48.17358357,0.007048914,8954.2,78.36981568,0.003929208,0.026664
2016-10-18,0.015445846,3321.3324,13.13969271,0.025471954,6509.28,48.41380777,0.007038041,8966.69,78.648097,0.003924169,0.026965
2016-10-17,0.015661617,3277.8787,12.973404,0.025801671,6413.15,47.66505341,0.007145226,8832.09,77.79535439,0.003981975,0.026904
2016-10-14,0.015545382,3305.8481,13.06477739,0.025621217,6469.49,48.13746567,0.007083551,8913.7,78.70168685,0.003947343,0.026952
2016-10-13,0.015545783,3302.6455,13.04387164,0.025662281,6484.83,48.2624922,0.007057581,8929.51,78.94054655,0.003941023,0.02701
2016-10-12,0.015566001,3300.0099,13.03799667,0.025673258,6482.74,48.2332695,0.007061857,8915.44,78.80996008,0.003947383,0.027098
2016-10-11,0.015557794,3306.5573,13.07042831,0.025618155,6486.43,48.21871977,0.007063988,8903.46,77.91680122,0.003955233,0.026835
2016-10-10,0.015640832,3293.8689,13.02779051,0.025702851,6447.69,47.90486814,0.007110268,8842.82,77.51530885,0.003982059,0.026735
2016-10-09,,,,,,,,,,,0.02676
2016-10-08,,,,,,,,,,,0.027047
2016-09-30,0.015898143,3253.2848,12.87238433,0.026019289,6328.09,47.16056764,0.007236296,8661.02,75.74079811,0.004072536,0.027258
2016-09-29,0.015957744,3244.3874,12.84860728,0.026067439,6298.79,46.88150645,0.007279511,8618.61,75.3973928,0.004091157,0.027282
2016-09-28,0.016018589,3230.8904,12.79332426,0.026180083,6281.28,46.7538914,0.00729938,8592.13,75.15406166,0.004104404,0.027244
2016-09-27,0.015980556,3240.7546,12.83927913,0.026086378,6286.91,46.79819831,0.007292469,8604.1,75.2835623,0.004096739,0.027144
2016-09-26,0.016099401,3220.2838,12.76368771,0.026240872,6241.52,46.44943931,0.007344131,8544.18,74.30759513,0.0041505,0.027157
2016-09-23,0.015832523,3275.6665,12.96324179,0.025836924,6370.58,47.37418258,0.007201042,8729.61,76.00421853,0.004063889,0.027318
2016-09-22,0.01578166,3291.1211,12.99955054,0.025764759,6385.64,47.48390551,0.007184402,8770.09,76.36407431,0.004045688,0.027456
2016-09-21,0.015879435,3266.6363,12.91252276,0.025938408,6343.75,47.12879932,0.007238535,8732,75.9968381,0.004063746,0.027518
2016-09-20,0.015912523,3257.4034,12.88386339,0.025996107,6342.03,47.09707067,0.007243412,8712.28,75.82768502,0.004072682,0.027431
2016-09-19,0.015908106,3263.1242,12.90707079,0.025949365,6344.18,47.05697751,0.007253422,8716.49,75.66066632,0.004081498,0.027605
2016-09-18,,,,,,,,,,,0.027655
2016-09-14,0.016048172,3238.7299,12.82328017,0.026118925,6278.16,46.56735563,0.007329687,8618.15,74.9013035,0.004125456,0.027579
2016-09-13,0.015951993,3260.333,12.91997495,0.025923447,6320.03,46.85247819,0.007285081,8656.68,75.19051204,0.004109588,0.027654
2016-09-12,0.015993123,3262.6043,12.93992041,0.025883489,6291.64,46.66258304,0.007314728,8587.4,74.61865799,0.004141083,0.027916
2016-09-09,0.015642737,3318.044,13.14949275,0.025480467,6471.05,47.8211236,0.007120823,8872.31,77.10263542,0.004007672,0.027678
2016-09-08,0.015553202,3339.564,13.2187176,0.025347029,6517.98,48.15296374,0.007071751,8938.43,77.67605135,0.003978086,0.027753
2016-09-07,0.015584754,3340.8172,13.22198162,0.025340772,6494.32,47.95392056,0.007101103,8897.8,77.31469662,0.003996713,0.027853
2016-09-06,0.015580014,3342.6259,13.22794755,0.025329343,6492.97,47.92535916,0.007105335,8906.87,77.42286497,0.003991129,0.027628
2016-09-05,0.015722702,3319.6803,13.17542833,0.025428714,6391.79,47.19908034,0.007214669,8761.96,76.17391271,0.004056568,0.027503
2016-09-02,0.015774847,3314.1142,13.15511774,0.025467974,6356.95,46.94341394,0.007253962,8724.94,75.84262881,0.004074287,0.027452
2016-09-01,0.015762844,3301.5767,13.11956993,0.025523959,6381.48,47.12642768,0.007225792,8770.75,76.23189247,0.004053536,0.027452
2016-08-31,0.015656439,3327.7938,13.20245133,0.025363727,6434.21,47.5011737,0.007169696,8838.38,76.77751338,0.004024786,0.027425
2016-08-30,0.0156835,3311.9872,13.13019911,0.025445599,6425.75,47.73574656,0.007180731,8838.46,77.22999974,0.004023369,0.027527
2016-08-29,0.01566571,3307.7812,12.98199541,0.02543634,6427.53,48.32526058,0.007178599,8836.99,77.21988885,0.00401023,0.027064
2016-08-26,0.015718961,3307.0902,12.8244356,0.025516263,6410.73,47.9220646,0.007195409,8814.46,77.69483464,0.004003724,0.026927
2016-08-25,0.01567756,3308.9721,12.71326241,0.025464502,6382.57,47.67643484,0.007222122,8784.58,77.39979932,0.003994678,0.027201
2016-08-24,0.015715728,3329.8631,12.7392185,0.025580944,6435.06,48.40961781,0.007151753,8850.51,78.20161625,0.003960405,0.027301
2016-08-23,0.015714021,3341.8298,12.78608169,0.025508224,6428.7,48.38039801,0.007164234,8820.21,77.91611126,0.003964194,0.027201
2016-08-22,0.015738188,3336.7949,12.71550912,0.025546764,6420.35,48.56746629,0.007172262,8810.84,78.59672512,0.003945057,0.026801
2016-08-19,0.015584602,3365.0197,12.76997246,0.025373481,6499.55,48.92736549,0.007092416,8923.36,79.35790462,0.003894282,0.027001
2016-08-18,0.015605843,3364.4851,12.7660987,0.025395124,6490.41,49.15765795,0.007101355,8908.32,79.48147377,0.003902401,0.026801
2016-08-17,0.015569621,3373.0476,12.81506213,0.025327481,6488.36,49.45665704,0.007094413,8911.75,79.61595419,0.003888071,0.026901
2016-08-16,0.015531508,3378.2451,12.83536768,0.025184767,6468.89,49.42553703,0.007111012,8877.07,79.31202298,0.003902164,0.026651
2016-08-15,0.015509241,3393.4239,12.93017739,0.024983262,6442.53,49.44219671,0.007104322,8807.83,79.54916665,0.003931602,0.026401
2016-08-12,0.01590561,3294.2337,12.58948712,0.025659961,6299.09,48.42805182,0.007264217,8615.05,77.860936,0.004024238,0.026701
2016-08-11,0.016137396,3233.3604,12.35591729,0.026145332,6226.31,48.06424501,0.007349492,8531.69,77.54475988,0.004054325,0.026875
2016-08-10,0.016021787,3243.3409,12.36297891,0.026142967,6318.27,48.97385284,0.007241292,8671.78,78.92712712,0.003987942,0.02695
2016-08-09,0.015980552,3256.9813,12.3946898,0.026062995,6341.55,49.29602085,0.007215466,8699.39,79.23672858,0.00397319,0.027125
2016-08-08,0.016113533,3234.1833,12.31490299,0.026230708,6290.76,48.9843019,0.007270933,8607.4,78.80797357,0.004017351,0.027472
2016-08-05,0.016267954,3205.1101,12.21034557,0.026455322,6203.29,48.35248503,0.007372707,8505.36,76.25355717,0.004063409,0.027534
2016-08-04,0.016224229,3201.2888,12.20717033,0.026462203,6238.23,48.63642516,0.007313363,8553.01,76.66954884,0.004039359,0.027694
2016-08-03,0.016280597,3193.5073,12.19876542,0.026483248,6198.39,48.34574064,0.007358638,8482.2,75.7845839,0.004077873,0.027718
2016-08-02,0.016323858,3189.0529,12.18980095,0.026482253,6168.51,48.10391331,0.007395631,8445.78,75.49965351,0.004085215,0.027792
2016-08-01,0.016428335,3176.8091,12.14610127,0.026573816,6109.28,47.82254816,0.00746877,8363.61,74.81263262,0.004124538,0.02783
2016-07-29,0.016288989,3203.9304,12.20574118,0.026471136,6202.89,48.76252079,0.007404201,8501.09,76.45802383,0.004080935,0.027768
2016-07-28,0.016224381,3221.1365,12.24620024,0.02638825,6243.29,49.07118335,0.007374008,8571.56,77.16950106,0.004060973,0.027867
2016-07-27,0.016211172,3218.243,12.24831773,0.026383688,6229.29,49.09827699,0.007353739,8602.92,77.59761694,0.004046042,0.027967
2016-07-26,0.015761001,3269.5882,12.40666527,0.02604604,6494.47,51.08801838,0.007068383,9035.56,81.52646768,0.003851147,0.027913
2016-07-25,0.015956065,3230.885,12.27024236,0.026347966,6408.78,50.45879625,0.007165521,8925.34,80.441671,0.003903724,0.028068
2016-07-22,0.016002848,3225.1621,12.25466324,0.026376786,6390.93,50.35345515,0.007244362,8931.97,80.59234057,0.003943673,0.027907
2016-07-21,0.015871157,3252.5227,12.35123211,0.026170558,6442.71,50.7363634,0.007212821,9007.55,81.26527845,0.003915155,0.027806
2016-07-20,0.015913809,3237.6051,12.30515655,0.026268551,6417.92,50.74473319,0.007241754,8997.89,81.13034813,0.003927066,0.027996
2016-07-19,0.015887283,3248.2341,12.35512127,0.026161798,6431.94,50.86521828,0.007227138,8996.83,81.15762009,0.003927891,0.028197
2016-07-18,0.015878009,3262.0222,12.41705495,0.026031309,6412.07,50.75663023,0.007251519,8937.86,80.84657579,0.003961762,0.028271
2016-07-15,0.015844549,3276.2775,12.44651716,0.02598588,6441.02,50.99086697,0.007233129,8982.89,81.26923717,0.003961783,0.028271
2016-07-14,0.015844842,3276.7637,12.429596,0.026021256,6455.58,51.11369543,0.007298628,9042.76,81.80245737,0.003936965,0.028395
2016-07-13,0.015831254,3282.8681,12.47381028,0.025929022,6446.56,50.57963236,0.007311902,9023.24,81.60970319,0.003945853,0.028494
2016-07-12,0.015925174,3273.1823,12.42335348,0.026034332,6395.14,50.1717964,0.00736994,8943.06,80.86629868,0.003982127,0.028368
2016-07-11,0.016185764,3203.3298,12.15641507,0.02660601,6312.5,49.53456948,0.007471089,8875,80.145352,0.004029921,0.028268
2016-07-08,0.016185966,3192.2804,12.11212065,0.026723726,6299.85,49.42146194,0.007497481,8939.26,80.7666239,0.00399952,0.028016
2016-07-07,0.016086182,3209.9542,12.22789611,0.026470702,6319.79,49.56085141,0.007476394,8954.28,80.86317539,0.003994744,0.028066
2016-07-06,0.01609353,3216.8035,12.24857627,0.026426009,6297.4,49.31939184,0.007512997,8947.14,80.77587043,0.004003381,0.028365
2016-07-05,0.01615132,3207.3827,12.22280445,0.026481728,6269.5,49.05446911,0.007553572,8914.84,80.47699218,0.004018248,0.028514
2016-07-04,0.01621881,3204.6962,12.19340997,0.026545568,6231.88,48.74638838,0.007601311,8874.07,80.12235485,0.004036034,0.028314
2016-07-01,0.016457384,3154.2003,12.00683105,0.02689248,6111.54,47.8265264,0.007761248,8710.52,78.6480633,0.004120307,0.028038
2016-06-30,0.016684587,3153.921,11.99731332,0.02693668,6123.49,47.92675007,0.007757351,8741.1,78.84657943,0.004140054,0.028411
2016-06-29,0.016678576,3151.3898,12.01076545,0.026906511,6120.2,47.89272213,0.00776354,8745.82,78.87402766,0.00413554,0.028586
2016-06-28,0.016750131,3136.4013,11.95225023,0.027050014,6107.51,47.82641957,0.007785957,8730.2,78.88659274,0.004143884,0.02861
2016-06-27,0.016886781,3120.5443,11.89513957,0.027179886,6044.22,47.32728009,0.00787404,8646.16,78.00189368,0.004190884,0.02831
2016-06-24,0.017222807,3077.1554,11.75559215,0.027532946,5903.62,46.15420586,0.008096174,8428.82,75.98192197,0.004358257,0.028808
2016-06-23,0.017029941,3117.3168,11.91760274,0.027158657,5978.17,46.70862217,0.008000075,8495.78,76.61168712,0.004322431,0.029307
2016-06-22,0.016970823,3133.9611,11.96197889,0.027057905,6008.89,46.91326444,0.007965178,8513.54,76.83510631,0.004318056,0.029307
2016-06-21,0.017188765,3106.3175,11.86219196,0.027297861,5916.8,46.20710898,0.008098199,8350.76,75.37825873,0.004402857,0.029405
2016-06-20,0.017095343,3112.6744,11.87601854,0.027280086,5985.57,46.73560756,0.00801396,8457.93,76.39946427,0.004349963,0.029481
2016-06-17,0.017170747,3110.3572,11.85929916,0.027374721,5964.27,46.6166865,0.008040963,8414.51,75.94903519,0.00438967,0.029379
2016-06-16,0.017264796,3094.6748,11.80905464,0.027491194,5930.55,46.36310189,0.008084944,8358.03,75.38360823,0.004422595,0.029455
2016-06-15,0.017199286,3116.3682,11.88853653,0.027307399,5952.85,46.4970076,0.00806166,8340.54,75.25452146,0.004429781,0.029604
2016-06-14,0.017557059,3075.9834,11.77516701,0.02757031,5762.76,45.05645615,0.008319409,8038.59,72.49778855,0.004598224,0.029654
2016-06-13,0.017621215,3066.3413,11.7371545,0.027670995,5746.44,44.85721466,0.008363725,8000.82,72.19229613,0.00461715,0.029979
2016-06-12,,,,,,,,,,,0.030053
2016-06-08,0.016971726,3163.9864,11.99695092,0.027236881,6023.88,46.52249922,0.008448302,8431.89,77.01028011,0.004427432,0.030077
2016-06-07,0.016918977,3177.0536,12.03967759,0.027141738,6045.36,46.79819749,0.008425875,8434.67,77.08610598,0.004392154,0.030071
2016-06-06,0.016934526,3178.7883,12.03956224,0.027141998,6051.86,46.79858378,0.008424285,8422.47,76.89454328,0.004405854,0.030041
2016-06-03,0.016960321,3189.3255,12.05672733,0.027114625,6032.6,46.65172528,0.008479675,8391.76,76.63618304,0.004420707,0.030152
2016-06-02,0.017039112,3167.0997,11.98604701,0.027274666,6013.89,46.48177481,0.008498932,8369.43,76.44336456,0.004433144,0.030127
2016-06-01,0.01713558,3160.547,11.96733626,0.027317309,5973.78,46.19342363,0.008551984,8270.52,75.53794109,0.004484255,0.029952
2016-05-31,0.017170098,3169.5598,12.00306979,0.027235985,5947.32,46.00021425,0.008587904,8197.56,74.91271693,0.004527145,0.029851
2016-05-30,0.017778357,3066.7095,11.64950526,0.028062601,5711.32,44.19178708,0.00893934,7867.6,71.8733674,0.004718944,0.029776
2016-05-27,0.017757452,3062.4993,11.62163175,0.028132381,5739.59,44.46545023,0.008889985,7912.86,72.24657257,0.00469518,0.029451
2016-05-26,0.01774861,3064.2111,11.62739272,0.028118442,5744.39,44.4643814,0.008890199,7929.47,72.42105255,0.004684811,0.029401
2016-05-25,0.017807226,3059.2259,11.60126742,0.028177728,5715.18,44.26218551,0.00893081,7889.73,72.07211347,0.004707492,0.029401
2016-05-24,0.017767038,3063.5556,11.61915995,0.028134336,5743.18,44.41335681,0.008900412,7913.68,72.31570629,0.004692305,0.02935
2016-05-23,0.017629243,3087.2225,11.68693507,0.027971179,5809.48,44.94882742,0.008794383,7995.58,73.05878875,0.004645096,0.02955
2016-05-20,0.017791513,3078.2183,11.64939679,0.028061312,5732.9,44.38058263,0.008906985,7860.13,71.6108464,0.004718354,0.0295
2016-05-19,0.017936966,3062.5002,11.59632089,0.028189747,5666.73,43.84837512,0.009015093,7767.32,70.75901551,0.004775156,0.0296
2016-05-18,0.017978055,3068.0358,11.61490405,0.028132603,5631.19,43.56945169,0.00907152,7711.95,70.32985298,0.004811443,0.02955
2016-05-17,0.017670515,3086.0249,11.67881125,0.027975484,5790.34,44.78936851,0.008827331,7961.5,72.59434119,0.004661356,0.0293
2016-05-16,0.017655376,3095.3085,11.70061639,0.027930715,5812.54,44.81917358,0.008821461,7961.15,72.56434797,0.004662217,0.029275
2016-05-13,0.017860786,3074.9351,11.63788005,0.028081282,5714.31,44.08617769,0.008968131,7806.96,71.69767258,0.004754909,0.02905
2016-05-12,0.017806959,3090.1372,11.68087559,0.027977919,5726.46,44.176196,0.008949856,7821.91,71.70287857,0.004751024,0.028975
2016-05-11,0.017804077,3082.8086,11.66605021,0.028013473,5723.41,44.11763639,0.008961736,7823.98,71.72607163,0.004752016,0.029075
2016-05-10,0.01778892,3069.1124,11.60779506,0.028142727,5738.9,44.21038298,0.008964187,7898.66,72.40341264,0.004715462,0.029
2016-05-09,0.01778846,3065.6154,11.59183554,0.028181473,5743.65,44.16704215,0.008964313,7918.15,71.31293438,0.004707853,0.028818
2016-05-06,0.017258372,3130.3544,11.83759348,0.027596403,5961.49,45.78510178,0.008647512,8276.03,74.5520508,0.004502549,0.029016
2016-05-05,0.016742656,3213.9199,12.12280132,0.026947155,6203.82,47.61227764,0.008314082,8628.74,77.19524779,0.00434838,0.029017
2016-05-04,0.016819437,3209.4614,12.10550481,0.026985657,6169.78,47.34823281,0.008360038,8565.11,76.54205144,0.004408992,0.028965
2016-05-03,0.016813614,3213.5397,12.12736592,0.026937012,6167.45,47.19672946,0.008370846,8558.58,76.6669877,0.004412868,0.02889
2016-04-29,0.017109373,3156.7451,11.93424188,0.027204355,5985.59,45.45936117,0.008637628,8291.7,74.71254582,0.004539056,0.028913
2016-04-28,0.016937596,3160.5809,11.80477692,0.026900768,5990.33,46.33221305,0.008624786,8303.56,75.45730782,0.004465287,0.028863
2016-04-27,0.016903733,3165.9156,11.79370598,0.026869402,6016.7,46.63668958,0.008606337,8323.46,75.49530717,0.004412729,0.029108
2016-04-26,0.016810001,3179.1605,11.85893871,0.026723119,6046.77,46.66284111,0.008507381,8343.42,75.05606415,0.004380643,0.029212
2016-04-25,0.016866572,3162.0331,11.76468432,0.026830817,5978.08,46.4799253,0.008534581,8232.48,74.06096465,0.004395926,0.029362
2016-04-22,0.016652404,3174.9012,11.79295569,0.026516539,6011.32,47.31272807,0.008486119,8282.42,75.1818006,0.004294486,0.029309
2016-04-21,0.016683664,3160.6033,11.75798656,0.026564555,5970.68,47.09238238,0.008538898,8198.51,75.20004551,0.004241184,0.029208
2016-04-20,0.01655107,3181.0264,11.83189488,0.026397411,6022.21,47.41953903,0.008457525,8312.2,75.7656477,0.004189878,0.029258
2016-04-19,0.016034109,3238.3029,12.00767077,0.025951839,6308.23,49.4516947,0.008135171,8754.5,79.85472435,0.003963174,0.02906
2016-04-18,0.016010742,3228.4531,11.99290834,0.025910753,6281.2,49.25694753,0.008130218,8715.85,80.05948701,0.003926233,0.029047
2016-04-15,0.01568569,3272.2053,12.13876138,0.025461996,6384.35,49.37743901,0.008009589,8841.09,81.91351969,0.003811299,0.029151
2016-04-14,0.015640305,3275.8321,12.16528886,0.025352046,6401.85,49.5440244,0.008076918,8837.02,81.64500704,0.00377332,0.029352
2016-04-13,0.015738351,3261.3831,12.12734855,0.025429304,6344.23,49.05275621,0.008102088,8729.84,80.76163087,0.003811759,0.029271
2016-04-12,0.015976623,3218.4497,11.92957113,0.025851531,6252.77,48.37504258,0.008204798,8608.37,79.24591182,0.003863246,0.0291
2016-04-11,0.015888829,3230.0957,11.953917,0.025809606,6304.3,48.62963751,0.008066369,8677.41,80.1673049,0.003804162,0.029091
2016-04-08,0.016096308,3185.7258,11.78331885,0.026083665,6168.74,47.09075231,0.008111144,8484.17,78.33709666,0.003870731,0.029158
2016-04-07,0.015936502,3209.2902,11.87020141,0.025873015,6228.97,47.64509632,0.00789929,8549.51,79.00308732,0.003829975,0.029049
2016-04-06,0.015785204,3257.5276,12.04356534,0.025649173,6323.43,48.27012279,0.007822927,8691.23,80.56362148,0.003769286,0.028689
2016-04-05,0.01580314,3264.4858,12.07665904,0.025580418,6286.58,48.02785714,0.007850415,8635.67,80.0832058,0.00378882,0.028637
2016-04-01,0.016053373,3221.8948,11.95031331,0.025777576,6124.53,46.74524571,0.008039125,8389.29,77.71696966,0.003903836,0.028422
2016-03-31,0.016135579,3218.0879,11.92504428,0.026020887,6155.81,46.98678912,0.00800566,8447.18,78.29502568,0.003872782,0.028419
2016-03-30,0.016346072,3216.2753,11.87548277,0.026477784,6137.5,44.02302958,0.007732175,8438.68,79.21201746,0.00379893,0.028362
2016-03-29,0.016892648,3135.4098,11.65850901,0.027273649,5921.87,42.309214,0.007887609,8119,76.21542088,0.003934383,0.02851
2016-03-28,0.016570749,3169.7283,11.78015297,0.026902188,6037.78,43.21642752,0.007665947,8298.78,78.1636845,0.003769384,0.028665
2016-03-25,0.016316632,3197.8169,11.87524237,0.026428305,6077.43,43.20647411,0.007567125,8343.24,78.30089261,0.003747636,0.028311
2016-03-24,0.016553829,3181.8507,11.7752057,0.026848066,6018.42,43.11654135,0.007621175,8279.65,77.90487637,0.003760004,0.028309
2016-03-23,0.01624949,3236.0924,11.89899168,0.026308063,6118.97,43.77040144,0.007502765,8408.64,79.38557269,0.003711385,0.028307
2016-03-22,0.016329662,3225.7903,11.85682417,0.026327978,6075.49,43.44608977,0.007537487,8311.21,78.2914425,0.003752332,0.028304
2016-03-21,0.016243281,3249.4372,11.95006779,0.026113536,6099.48,43.70358693,0.007503893,8325.98,78.02952539,0.00374181,0.028305
2016-03-18,0.016501545,3171.963,11.73169723,0.026408521,5949.26,42.69458616,0.007650112,8097.2,76.12127713,0.003881329,0.028229
2016-03-17,0.016879664,3124.2039,11.65292261,0.026704382,5745.98,41.24194628,0.007894697,7779.88,72.62803168,0.004042683,0.028154
2016-03-16,0.017204909,3090.0328,11.57160793,0.026874383,5562.8,39.87983437,0.008153584,7484.23,69.88029405,0.004196892,0.028054
2016-03-15,0.017131231,3074.7796,11.48994827,0.026974194,5639.8,40.48275773,0.008019042,7571.82,70.68119893,0.004140439,0.028404
2016-03-14,0.017082689,3065.6904,11.4578788,0.027049625,5690.59,40.81860362,0.007943987,7640.13,72.08750772,0.00406933,0.028504
2016-03-11,0.017461309,3018.2844,11.31203794,0.027356425,5508.98,39.41528634,0.008203085,7349.57,69.324309,0.004230537,0.028453
2016-03-10,0.017465804,3013.1457,11.28053281,0.027438017,5521.95,39.53161405,0.008142925,7376.7,69.53470759,0.004216151,0.028653
2016-03-09,0.017144244,3071.907,11.50050873,0.026904792,5617.04,40.32369551,0.007981804,7500.17,70.77706585,0.004135549,0.028928
2016-03-08,0.016873836,3107.6727,11.60362704,0.026665696,5764.33,41.40314591,0.007773705,7670.69,72.40833921,0.004041844,0.029352
2016-03-07,0.016929343,3104.8397,11.59578012,0.026690387,5752.55,41.34340567,0.007808771,7600.44,71.46129805,0.004076278,0.029303
2016-03-04,0.017112286,3093.8895,11.57577022,0.026711184,5621.56,40.44127949,0.007964377,7418.8,69.70022239,0.004177399,0.028952
2016-03-03,0.017004597,3058.4219,11.38015853,0.027170318,5776.98,41.53331351,0.00776107,7727.16,72.58357795,0.004011453,0.029002
2016-03-02,0.017033208,3051.3327,11.34905912,0.027244772,5753.15,41.38617861,0.007788662,7711.89,72.50300651,0.004008418,0.028752
2016-03-01,0.017776237,2930.6937,10.92513774,0.028301552,5473.63,39.37735182,0.008186983,7345.09,69.10011574,0.00420079,0.028527
2016-02-29,0.018115193,2877.4666,10.75329655,0.028768065,5350.43,38.49773425,0.008375398,7183.68,67.74289161,0.004283573,0.028502
2016-02-26,0.017385691,2948.0306,10.96796083,0.028120835,5648.94,40.59764778,0.007953196,7666.82,72.3289259,0.003992222,0.028551
2016-02-25,0.017480129,2918.7501,10.84336099,0.028443968,5626.05,40.41021611,0.007985342,7702.59,72.77362779,0.003976168,0.028651
2016-02-24,0.016312116,3109.5454,11.50161771,0.026816073,6111.04,43.94670417,0.007331254,8364.66,78.86348857,0.003667111,0.028676
2016-02-23,0.016393249,3089.3632,11.42811555,0.026988545,6070.5,43.67025402,0.007377664,8357.36,78.78233439,0.003667763,0.028451
2016-02-22,0.01626743,3118.8675,11.53803142,0.026731442,6103.72,43.86844712,0.007344958,8407.85,79.34071137,0.003638826,0.028426
2016-02-19,0.01662896,3051.585,11.27200681,0.027359182,5979.52,42.93721732,0.007489282,8239.26,77.78707612,0.003711504,0.028251
2016-02-18,0.016648,3053.6985,11.29727374,0.027297992,5957.13,42.75727666,0.007521066,8176.14,77.2759576,0.003733058,0.028351
2016-02-17,0.016611317,3063.3199,11.33370739,0.027210239,5971.41,42.87562275,0.007499531,8202.15,77.37277842,0.003730995,0.028351
2016-02-16,0.016815556,3037.0353,11.23513009,0.027448982,5902.53,42.38949907,0.007586203,8069.59,75.89475183,0.003797383,0.028376
2016-02-15,0.017417788,2946.7066,10.91285076,0.028259608,5668.04,40.7064072,0.007899871,7726.37,72.6915655,0.003964716,0.028371
2016-02-14,,,,,,,,,,,0.028221
2016-02-06,,,,,,,,,,,0.028535
2016-02-05,0.017334078,2963.7894,10.99954512,0.028020645,5664.2,40.78408888,0.00789629,7718.71,72.62870434,0.003967899,0.028535
2016-02-04,0.017187674,2984.7598,11.06657666,0.02785092,5721.49,41.13683329,0.007829694,7807.4,73.45764774,0.003922779,0.02855
2016-02-03,0.017473304,2948.6386,10.94113916,0.028170224,5610.17,40.32991537,0.00798635,7630.46,71.8506042,0.004010744,0.028918
2016-02-02,0.017464595,2961.3337,11.01151027,0.027990197,5586.63,40.20341925,0.008015209,7576.07,71.34558043,0.004039542,0.028818
2016-02-01,0.017927287,2901.0477,10.81721403,0.028492951,5399.48,38.83934244,0.008296711,7292.6133,68.69171251,0.004196491,0.028368
2016-01-29,0.01766049,2946.0902,11.0071788,0.027990625,5469.13,39.297025,0.008200081,7385.7587,69.76891076,0.004139813,0.028419
2016-01-28,0.018237809,2853.7562,10.69999343,0.028794206,5271.23,37.91572171,0.008503821,7100.9014,67.10422312,0.004303428,0.028866
2016-01-27,0.017632061,2930.3519,10.95133999,0.028133344,5514.19,39.64770029,0.008132338,7466.7458,70.49431085,0.004089871,0.029016
2016-01-26,0.017524028,2940.5085,10.97733796,0.028066715,5589.31,40.15760889,0.008031949,7545.5442,71.1011951,0.004056238,0.028616
2016-01-25,0.016367501,3128.886,11.66725528,0.026407052,6041.33,43.38619918,0.007434251,8180.5037,76.95476269,0.003747391,0.02859
2016-01-22,0.016505029,3113.4626,11.61494258,0.026525987,5980.61,42.88918573,0.007520384,8074.2854,75.92633971,0.003798149,0.027741
2016-01-21,0.016721734,3081.3454,11.50352685,0.0267829,5886.88,42.17670263,0.007647424,7944.5669,74.7706112,0.003859003,0.027914
2016-01-20,0.01615148,3174.3781,11.8201656,0.02606544,6138.5,43.94343126,0.007343868,8321.3921,78.17626619,0.003686705,0.028114
2016-01-19,0.015995947,3223.1251,11.96198037,0.025756422,6197.09,44.35259912,0.007276119,8388.3835,78.78126735,0.003658393,0.027964
2016-01-18,0.016525283,3130.7289,11.63013395,0.026491338,5978.91,42.79615854,0.007540742,8060.8792,75.67132604,0.003805457,0.027764
2016-01-15,0.016677203,3118.73,11.62118386,0.026511741,5893.68,42.34527078,0.007590482,7868.168,73.81291791,0.003901268,0.027464
2016-01-14,0.016103185,3221.571,12.01459335,0.025643632,6124.82,43.98303121,0.007307842,8157.737,76.47189055,0.003765618,0.027513
2016-01-13,0.016525912,3155.879,11.81352207,0.026080098,5924.04,42.5353986,0.007556935,7836.123,73.39359522,0.003924156,0.027237
2016-01-12,0.016068953,3215.71,12.03119706,0.025608242,6136.66,44.04715752,0.007297571,8187.96,76.61872854,0.003758975,0.027887
2016-01-11,0.016115438,3192.45,11.95588934,0.025769544,6128.66,44.03584198,0.007299446,8205.122,76.67574751,0.003756447,0.028187
2016-01-08,0.015194391,3361.563,12.53930367,0.024570568,6570.43,47.21213204,0.006808515,8876.253,82.87282595,0.003474739,0.028362
2016-01-07,0.015442457,3294.384,12.27158213,0.025106609,6462.24,46.36671829,0.006932656,8856.491,82.64967456,0.003484227,0.028511
2016-01-06,0.014317172,3539.808,13.09035271,0.02353625,7065.61,50.6879739,0.006341633,9709.569,90.62659009,0.003177981,0.028861
2016-01-05,0.014657329,3478.78,12.84518559,0.02398547,6889.74,49.39366335,0.006507809,9452.041,88.18142763,0.003265395,0.028911
2016-01-04,0.014530893,3469.066,12.82173868,0.024029332,6983.4,50.03903142,0.006423876,9694.836,90.49772677,0.003180602,0.02871