datetime,close,acc_close,pe,pe_pct,pe_pct80,pe_pct50,pe_pct20
2019-04-22,9269.21,12607.46,10.6548,,10.6548,10.6548,10.6548
2019-04-23,9287.39,12632.2,10.6797,1,10.6797,10.6673,10.6548
2019-04-24,9296.03,12643.95,10.6918,1,10.6918,10.6797,10.6548
2019-04-25,9118.91,12403.04,10.5149,0,10.6797,10.6673,10.6548
2019-04-26,8952.3,12176.42,10.3645,0,10.6797,10.6548,10.5149
2019-04-29,9048.68,12309.33,10.3895,0.2,10.6797,10.5849,10.3895
2019-04-30,9142.47,12436.91,10.3405,0,10.6797,10.5149,10.3645
2019-05-06,8586.96,11681.22,9.8147,0,10.6797,10.4522,10.3405
2019-05-07,8726.25,11874.27,9.8931,0.125,10.6548,10.3895,10.3405
2019-05-08,8589.2,11687.77,9.7518,0,10.6548,10.377,9.8931
2019-05-09,8438.06,11482.12,9.5761,0,10.6548,10.3645,9.8147
2019-05-10,8734.54,11885.56,9.8778,0.2727,10.6548,10.3525,9.8147
2019-05-13,8628.65,11741.47,9.7556,0.1667,10.6548,10.3405,9.7556
2019-05-14,8537.53,11617.47,9.6858,0.0769,10.5149,10.1168,9.7556
2019-05-15,8774.06,11939.33,9.9078,0.5,10.5149,9.9078,9.7556
2019-05-16,8805.26,11983.17,9.9392,0.5333,10.5149,9.9235,9.7556
2019-05-17,8595.48,11697.68,9.7561,0.25,10.5149,9.9078,9.7556
2019-05-20,8445.76,11493.92,9.6975,0.1176,10.5149,9.9004,9.7518
2019-05-21,8581.48,11678.62,9.8188,0.3889,10.3895,9.8931,9.7556
2019-05-22,8540.8,11623.26,9.7566,0.3158,10.3895,9.8855,9.7556
2019-05-23,8365.01,11384.02,9.6248,0.05,10.3895,9.8778,9.7518
2019-05-24,8382.04,11417,9.6625,0.0952,10.3895,9.8483,9.6975
2019-05-27,8465.06,11536.1,9.7266,0.2273,10.3895,9.8188,9.6975
2019-05-28,8596.25,11714.89,9.8307,0.5217,10.3645,9.8247,9.7266
2019-05-29,8520.86,11626.29,9.7551,0.2917,10.3645,9.8188,9.7266
2019-05-30,8470.12,11562.92,9.7276,0.24,10.3645,9.8167,9.7266
2019-05-31,8477.73,11573.3,9.6968,0.1538,10.3645,9.8147,9.6975
2019-06-03,8420.18,11510.82,9.7185,0.2222,10.3645,9.7856,9.6975
2019-06-04,8304.1,11352.14,9.6589,0.0714,10.3405,9.7566,9.6975
2019-06-05,8276.43,11315.74,9.6822,0.1379,10.3405,9.7563,9.6968
2019-06-06,8184.32,11195.32,9.6238,0.0333,10.3405,9.7561,9.6858
2019-06-10,8330.22,11394.9,9.7669,0.5484,10.3405,9.7563,9.6858
2019-06-11,8577.61,11743.89,9.9973,0.7813,10.3405,9.7566,9.6858
2019-06-12,8496.78,11639.76,9.9449,0.7576,9.9973,9.7617,9.6968
2019-06-13,8457.95,11586.56,9.8952,0.6765,9.9973,9.7669,9.6968
2019-06-14,8372.67,11469.74,9.8369,0.6,9.9973,9.7908,9.6968
2019-06-17,8375.38,11481.88,10.7062,1,10.3405,9.8147,9.6968
2019-06-18,8394.94,11508.69,10.7801,1,10.3645,9.8167,9.6968
2019-06-19,8478.34,11659.89,10.9372,1,10.3645,9.8188,9.6975
2019-06-20,8716.76,11987.78,11.2876,1,10.3895,9.8247,9.6975
2019-06-21,8698.65,11973.62,11.2282,0.975,10.5149,9.8307,9.6975
2019-06-24,8723.55,12009.79,11.2696,0.9756,10.6548,9.8338,9.6975
2019-06-25,8634.01,11886.52,11.1096,0.9286,10.6797,9.8369,9.6975
2019-06-26,8661.65,11924.58,11.1088,0.907,10.6797,9.8574,9.7185
2019-06-27,8778.81,12085.88,11.2514,0.9545,10.6918,9.8778,9.7185
2019-06-28,8760.75,12068.09,11.2438,0.9333,10.7062,9.8855,9.7185
2019-07-01,9007.68,12408.25,11.5387,1,10.7801,9.8931,9.7185
2019-07-02,9019.69,12424.79,11.5068,0.9787,10.9372,9.8941,9.7185
2019-07-03,8933.77,12313.05,11.3843,0.9583,10.9372,9.8952,9.7266
2019-07-04,8877.85,12242.22,11.3266,0.9388,11.1088,9.9015,9.7266
2019-07-05,8933.67,12337.02,11.394,0.96,11.1096,9.9078,9.7266
2019-07-08,8742.05,12072.4,11.1522,0.8039,11.1522,9.9235,9.7266
2019-07-09,8712.73,12031.91,11.1038,0.75,11.1522,9.9392,9.7266
2019-07-10,8691.25,12027.01,11.0045,0.7358,11.1096,9.942,9.7276
2019-07-11,8708.95,12060.96,11.0403,0.7407,11.1096,9.9449,9.7276
2019-07-12,8792.63,12190.77,11.1381,0.8,11.1381,9.9711,9.7276
2019-07-15,8802.25,12204.12,11.1336,0.7857,11.1381,9.9973,9.7276
2019-07-16,8762.25,12148.66,11.0696,0.7193,11.1381,10.1689,9.7276
2019-07-17,8744.6,12131.17,11.052,0.7069,11.1336,10.3405,9.7518
2019-07-18,8658.56,12011.81,10.9962,0.661,11.1336,10.3525,9.7518
2019-07-19,8717.51,12104.57,11.1067,0.75,11.1336,10.3645,9.7518
2019-07-22,8675.17,12051.92,11.0446,0.6885,11.1336,10.377,9.7518
2019-07-23,8725.66,12128.17,11.0819,0.7258,11.1336,10.3895,9.7518
2019-07-24,8769.68,12189.35,11.1721,0.8413,11.1336,10.4522,9.7551
2019-07-25,8827.95,12274,11.2848,0.9063,11.1381,10.5149,9.7551
2019-07-26,8858.32,12316.22,11.3013,0.9231,11.1522,10.5849,9.7551
2019-07-29,8838.83,12289.12,11.2866,0.8939,11.1721,10.6548,9.7551
2019-07-30,8889.5,12359.57,11.3358,0.9403,11.2282,10.6673,9.7551
2019-07-31,8767.88,12208.93,11.2126,0.7941,11.2126,10.6797,9.7556
2019-08-01,8672.12,12075.6,11.1111,0.7246,11.2126,10.6858,9.7556
2019-08-02,8548.99,11904.14,10.9699,0.5571,11.2126,10.6918,9.7556
2019-08-05,8353.83,11632.39,10.7631,0.5211,11.2126,10.699,9.7556
2019-08-06,8273.55,11525.55,10.6659,0.4722,11.2126,10.6918,9.7556
2019-08-07,8240.16,11479.05,10.6344,0.4521,11.1721,10.6858,9.7561
2019-08-08,8348.4,11633.78,10.8053,0.5541,11.1721,10.6918,9.7561
2019-08-09,8286.9,11548.08,10.7403,0.52,11.1721,10.699,9.7561
2019-08-12,8404.67,11712.2,10.9428,0.5789,11.1721,10.7062,9.7561
2019-08-13,8326.55,11603.33,10.8284,0.5584,11.1721,10.7232,9.7561
2019-08-14,8388.04,11689.02,10.8774,0.5641,11.1522,10.7403,9.7566
2019-08-15,8420.78,11734.65,10.9206,0.5696,11.1522,10.7517,9.7566
2019-08-16,8476.63,11812.48,10.7716,0.5125,11.1522,10.7631,9.7566
2019-08-19,8609.63,11997.81,10.8977,0.5679,11.1522,10.7673,9.7566
2019-08-20,8619.02,12010.9,10.8903,0.561,11.1522,10.7716,9.7566
2019-08-21,8599.68,11983.96,10.8867,0.5542,11.1381,10.7758,9.7669
2019-08-22,8630.13,12039.41,10.9359,0.5952,11.1381,10.7801,9.7669
2019-08-23,8722.72,12168.59,11.0634,0.6941,11.1381,10.7927,9.7669
2019-08-26,8646.51,12062.27,10.7525,0.4651,11.1381,10.7801,9.7669
2019-08-27,8754.03,12212.27,10.8146,0.5172,11.1381,10.7927,9.7669
2019-08-28,8699.72,12136.5,10.7119,0.4432,11.1336,10.7801,9.8147
2019-08-29,8674.76,12101.68,10.6863,0.4157,11.1336,10.7758,9.8147
2019-08-30,8711.73,12153.24,10.7364,0.4556,11.1336,10.7716,9.8147
2019-09-02,8836.77,12327.69,10.8106,0.5275,11.1336,10.7758,9.8147
2019-09-03,8809.52,12289.67,10.8001,0.5109,11.1336,10.7801,9.8147
2019-09-04,8860.76,12366.66,10.8881,0.5806,11.1111,10.7901,9.8188
2019-09-05,8935.76,12471.32,11.0042,0.6702,11.1111,10.8001,9.8188
2019-09-06,8988.76,12545.3,11.0757,0.7368,11.1111,10.8027,9.8188
2019-09-09,9009.11,12573.69,11.0871,0.75,11.1111,10.8053,9.8188
2019-09-10,9008.74,12573.19,11.0233,0.6701,11.1111,10.808,9.8188
2019-09-11,8932.11,12466.24,10.9572,0.6224,11.1096,10.8106,9.8307
2019-09-12,8990.81,12548.16,11.0779,0.7374,11.1096,10.8126,9.8307
2019-09-16,8973.01,12523.32,11.022,0.66,11.1096,10.8146,9.8307
2019-09-17,8831.51,12325.82,10.8756,0.5149,11.1096,10.8215,9.8307
2019-09-18,8893.43,12412.25,10.9713,0.6275,11.1096,10.8284,9.8307
2019-09-19,8899.8,12421.14,10.9669,0.6117,11.1088,10.852,9.8369
2019-09-20,8926.02,12457.73,11.0092,0.6635,11.1088,10.8756,9.8369
2019-09-23,8799.25,12280.8,10.8888,0.5333,11.1088,10.8765,9.8369
2019-09-24,8805.16,12289.05,10.9133,0.5566,11.1088,10.8774,9.8369
2019-09-25,8768.18,12237.45,10.8865,0.5047,11.1088,10.8819,9.8369
2019-09-26,8724.33,12176.24,10.89,0.537,11.1067,10.8865,9.8778
2019-09-27,8731.92,12186.84,10.9092,0.5596,11.1067,10.8866,9.8778
2019-09-30,8666.18,12095.09,10.7787,0.4182,11.1067,10.8865,9.8778
2019-10-08,8737.46,12194.57,10.8698,0.4775,11.1067,10.8819,9.8778
2019-10-09,8752.81,12215.99,10.8831,0.5,11.1067,10.8831,9.8778
2019-10-10,8805.74,12289.86,10.9541,0.6195,11.1038,10.8848,9.8931
2019-10-11,8885.98,12401.85,11.1006,0.7895,11.1038,10.8865,9.8931
2019-10-14,8996.83,12556.56,11.2171,0.8783,11.1067,10.8866,9.8931
2019-10-15,8992.68,12550.77,11.2379,0.8879,11.1088,10.8867,9.8931
2019-10-16,8968.36,12516.83,11.1352,0.8291,11.1096,10.8874,9.8931
2019-10-17,8993.94,12552.52,11.1829,0.8559,11.1096,10.8881,9.8952
2019-10-18,8895.15,12414.64,11.031,0.6807,11.1096,10.8884,9.8952
2019-10-21,8927.95,12460.42,11.0819,0.7417,11.1096,10.8888,9.8952
2019-10-22,8977.57,12529.68,10.9961,0.6198,11.1096,10.8894,9.8952
2019-10-23,8903.29,12426.01,10.9301,0.5492,11.1096,10.89,9.8952
2019-10-24,8882.35,12396.78,10.9349,0.5528,11.1088,10.8902,9.9078
2019-10-25,8921.69,12456.5,10.9487,0.5806,11.1088,10.8903,9.9078
2019-10-28,8941.84,12484.63,10.9446,0.576,11.1088,10.894,9.9078
2019-10-29,8974.66,12530.45,10.9154,0.5238,11.1088,10.8977,9.9078
2019-10-30,8987.61,12548.54,10.8589,0.4173,11.1088,10.894,9.9078
2019-10-31,8969.19,12522.81,10.6902,0.2969,11.1067,10.8903,9.9392
2019-11-01,9185.94,12825.45,10.8903,0.4961,11.1067,10.8903,9.9392
2019-11-04,9232.59,12890.58,10.9905,0.6385,11.1067,10.8903,9.9392
2019-11-05,9331.29,13028.38,11.0799,0.7557,11.1067,10.894,9.9392
2019-11-06,9277.64,12953.48,11.0782,0.75,11.1067,10.8977,9.9392
2019-11-07,9315.58,13006.45,11.0912,0.782,11.1038,10.9035,9.9449
2019-11-08,9282.87,12960.77,11.0186,0.6642,11.1038,10.9092,9.9449
2019-11-11,9103.24,12709.98,10.8549,0.4,11.1038,10.9035,9.9449
2019-11-12,9117.85,12730.38,10.8658,0.4118,11.1038,10.8977,9.9449
2019-11-13,9142.48,12764.77,10.8782,0.438,11.1038,10.894,9.9449
2019-11-14,9134.42,12753.51,10.866,0.413,11.1006,10.8903,9.9973
2019-11-15,9065.03,12656.63,10.8191,0.3813,11.1006,10.8903,9.9973
2019-11-18,9142.61,12764.95,10.9044,0.5143,11.1006,10.8903,9.9973
2019-11-19,9257.41,12925.23,10.9775,0.6312,11.1006,10.894,9.9973
2019-11-20,9182.87,12821.17,10.8569,0.3944,11.1006,10.8903,9.9973
2019-11-21,9117.61,12730.05,10.7943,0.3427,11.0912,10.8903,10.3405
2019-11-22,9009.11,12578.55,10.6828,0.2569,11.0912,10.8903,10.3405
2019-11-25,9093.66,12696.6,10.7602,0.3172,11.0912,10.8902,10.3405
2019-11-26,9123.33,12738.03,10.7761,0.3356,11.0912,10.89,10.3405
2019-11-27,9064.94,12656.5,10.7629,0.3197,11.0912,10.8894,10.3405
2019-11-28,9029.06,12606.41,10.7126,0.2905,11.0871,10.8888,10.3645
2019-11-29,8914.05,12445.83,10.5734,0.2215,11.0871,10.8884,10.3645
2019-12-02,8895.33,12419.69,10.5954,0.2267,11.0871,10.8881,10.3645
2019-12-03,8908.09,12437.52,10.646,0.2384,11.0871,10.8874,10.3645
2019-12-04,8890.43,12412.85,10.6407,0.2368,11.0871,10.8867,10.3645
2019-12-05,8964.95,12516.9,10.7175,0.3137,11.0819,10.8866,10.3895
2019-12-06,9033.58,12612.72,10.8053,0.3961,11.0819,10.8865,10.3895
2019-12-09,9007.26,12575.98,10.7528,0.3355,11.0819,10.8848,10.3895
2019-12-10,9032.07,12610.61,10.7641,0.359,11.0819,10.8831,10.3895
2019-12-11,9021.38,12595.69,10.7854,0.3885,11.0819,10.8807,10.3895
2019-12-12,8988.06,12549.16,10.7527,0.3291,11.0819,10.8782,10.5149
2019-12-13,9154.55,12783.35,10.9859,0.673,11.0819,10.8807,10.5149
2019-12-16,9189.94,12832.76,10.5573,0.2063,11.0819,10.8782,10.5149
2019-12-17,9275.74,12952.58,10.6663,0.2547,11.0819,10.8778,10.5149
2019-12-18,9229.94,12888.62,10.6627,0.2469,11.0819,10.8774,10.5149
2019-12-19,9227.69,12885.48,10.6443,0.2331,11.0799,10.8765,10.5573
2019-12-20,9209.87,12860.59,10.6212,0.2195,11.0799,10.8756,10.5573
2019-12-23,9137.24,12759.17,10.5216,0.2,11.0799,10.8727,10.5216
2019-12-24,9187.78,12829.74,10.6007,0.2229,11.0799,10.8698,10.5216
2019-12-25,9167.27,12801.1,10.5974,0.2216,11.0799,10.8679,10.5216
2019-12-26,9276.35,12953.43,10.6723,0.2857,11.0782,10.866,10.5573
2019-12-27,9263.16,12935.01,10.6556,0.2663,11.0782,10.8659,10.5573
2019-12-30,9375.86,13092.38,10.7575,0.3765,11.0782,10.8658,10.5573
2019-12-31,9431.97,13170.73,10.7752,0.4094,11.0782,10.8623,10.5573
2020-01-02,9586.92,13387.1,10.9373,0.6395,11.0782,10.8658,10.5573
2020-01-03,9545.9,13329.83,10.9293,0.6127,11.0779,10.8659,10.5734
2020-01-06,9458.62,13207.94,10.8387,0.477,11.0779,10.8658,10.5734
2020-01-07,9554.38,13341.67,10.8882,0.5543,11.0779,10.8659,10.5734
2020-01-08,9406.55,13135.24,10.7438,0.3466,11.0779,10.8658,10.5734
2020-01-09,9564.27,13355.47,10.885,0.5367,11.0779,10.8659,10.5734
2020-01-10,9569.58,13362.89,10.9006,0.5899,11.0757,10.866,10.5954
2020-01-13,9646.84,13470.78,11.005,0.7374,11.0757,10.8679,10.5954
2020-01-14,9615.28,13426.71,10.9756,0.6944,11.0757,10.8698,10.5954
2020-01-15,9579.07,13376.15,10.9241,0.6133,11.0757,10.8727,10.5954
2020-01-16,9529.5,13306.93,10.8758,0.5055,11.0757,10.8756,10.5954
2020-01-17,9539.95,13321.52,10.8727,0.4973,11.0696,10.8741,10.5974
2020-01-20,9593.57,13396.39,10.9807,0.7065,11.0696,10.8756,10.5974
2020-01-21,9469.77,13223.52,10.8095,0.4324,11.0696,10.8741,10.5974
2020-01-22,9490.49,13252.45,10.856,0.4677,11.0696,10.8727,10.5974
2020-01-23,9186.12,12827.43,10.573,0.1872,11.0696,10.8712,10.5954
2020-02-03,8480.27,11841.79,9.833,0.1117,11.0634,10.8698,10.5954
2020-02-04,8715.56,12170.34,10.1406,0.1587,11.0634,10.8679,10.5734
2020-02-05,8793.68,12279.43,10.272,0.1632,11.0634,10.866,10.573
2020-02-06,8958.26,12509.25,10.4209,0.1832,11.0634,10.8659,10.5573
2020-02-07,8959.8,12511.4,10.3672,0.1771,11.0634,10.8658,10.5216
2020-02-10,9030.02,12609.46,10.3858,0.1813,11.052,10.8623,10.5216
2020-02-11,9119.91,12734.98,10.4717,0.1959,11.052,10.8589,10.5149
2020-02-12,9169.51,12804.24,10.5118,0.2,11.052,10.8579,10.5118
2020-02-13,9124.95,12742.02,10.4531,0.1939,11.052,10.8569,10.4717
2020-02-14,9200.9,12848.07,10.5002,0.203,11.052,10.8564,10.4717
2020-02-17,9411.54,13142.2,10.7176,0.3535,11.0446,10.856,10.5002
2020-02-18,9344.76,13048.96,10.6396,0.2613,11.0446,10.8554,10.5002
2020-02-19,9320.14,13014.57,10.6347,0.26,11.0446,10.8549,10.5002
2020-02-20,9498.59,13263.76,10.8481,0.4975,11.0446,10.8515,10.5002
2020-02-21,9463.01,13214.08,10.9148,0.6337,11.0446,10.8549,10.5002
2020-02-24,9360.25,13070.58,10.8179,0.4778,11.0403,10.8515,10.5118
2020-02-25,9291.67,12974.82,10.7672,0.4118,11.0403,10.8481,10.5118
2020-02-26,9220.6,12875.58,10.6513,0.278,11.0403,10.8434,10.5118
2020-02-27,9301.99,12989.23,10.7406,0.3689,11.0403,10.8387,10.5118
2020-02-28,9049.79,12637.06,10.4198,0.1787,11.0403,10.8335,10.5002
2020-03-02,9381.99,13100.94,10.706,0.3365,11.031,10.8284,10.5118
2020-03-03,9372.16,13087.21,10.7432,0.378,11.031,10.8238,10.5118
2020-03-04,9427.66,13164.71,10.7754,0.4381,11.031,10.8191,10.5118
2020-03-05,9622.98,13437.46,11.0293,0.7962,11.031,10.8238,10.5118
2020-03-06,9448.49,13193.81,10.8472,0.5094,11.031,10.8284,10.5118
2020-03-09,9099.03,12705.82,10.4778,0.1925,11.0293,10.8238,10.5118
2020-03-10,9283.98,12964.08,10.677,0.3084,11.0293,10.8191,10.5118
2020-03-11,9167.47,12801.38,10.5446,0.214,11.0293,10.8185,10.5118
2020-03-12,8991.68,12555.91,10.392,0.1713,11.0293,10.8179,10.5002
2020-03-13,8851.78,12360.55,10.2441,0.1429,11.0293,10.8162,10.4778
2020-03-16,8475.06,11834.51,9.8398,0.1055,11.0233,10.8146,10.4778
2020-03-17,8407.8,11740.6,9.8092,0.0822,11.0233,10.8126,10.4717
2020-03-18,8286.49,11571.19,9.6235,0.0045,11.0233,10.8106,10.4531
2020-03-19,8120.1,11338.85,9.3879,0,11.0233,10.8101,10.4209
2020-03-20,8292.06,11578.98,9.6002,0.009,11.0233,10.8095,10.4198
2020-03-23,8009.91,11184.98,9.2744,0,11.022,10.8074,10.4198
2020-03-24,8238.87,11504.7,9.5606,0.0089,11.022,10.8053,10.392
2020-03-25,8471.51,11829.55,9.8023,0.1022,11.022,10.8053,10.3895
2020-03-26,8417.74,11754.47,9.7896,0.1018,11.022,10.8053,10.3858
2020-03-27,8490.68,11856.33,9.8278,0.1233,11.022,10.8027,10.3672
2020-03-30,8445.48,11793.2,9.7661,0.0965,11.0186,10.8001,10.3672
2020-03-31,8475.93,11835.72,9.65,0.0349,11.0186,10.7972,10.3645
2020-04-01,8441.6,11787.79,9.6333,0.0348,11.0186,10.7943,10.3405
2020-04-02,8564.35,11959.2,9.7495,0.0823,11.0186,10.7898,10.272
2020-04-03,8519.06,11895.95,9.695,0.0603,11.0186,10.7854,10.2441
2020-04-07,8737.66,12201.2,9.8988,0.176,11.0092,10.7827,10.2441
2020-04-08,8700.52,12149.34,9.8533,0.1624,11.0092,10.7801,10.1406
2020-04-09,8737.28,12200.68,9.8898,0.1702,11.0092,10.7794,9.9973
2020-04-10,8701.8,12151.13,9.8512,0.161,11.0092,10.7787,9.9449
2020-04-13,8685.21,12127.97,9.795,0.1224,11.0092,10.7774,9.9392
2020-04-14,8838.8,12342.44,9.9696,0.2059,11.005,10.7761,9.9449
2020-04-15,8756.99,12228.2,9.9178,0.1967,11.005,10.7758,9.9392
2020-04-16,8754.86,12225.22,9.902,0.1917,11.005,10.7754,9.9178
2020-04-17,8861.74,12374.48,10.0389,0.2199,11.005,10.7753,9.9178
2020-04-20,8891.38,12415.85,10.0765,0.2231,11.005,10.7752,9.9178
2020-04-21,8802.33,12291.52,9.9404,0.2058,11.0045,10.7734,9.9392
2020-04-22,8893.74,12419.16,10.0001,0.2213,11.0045,10.7716,9.9392
2020-04-23,8918.59,12453.86,10.0019,0.2245,11.0045,10.7694,9.9392
2020-04-24,8886.84,12411.21,10.1114,0.2358,11.0045,10.7672,9.9392
2020-04-27,8977.16,12539.8,10.2438,0.2429,11.0045,10.7656,9.9392
2020-04-28,9087.1,12693.36,10.3681,0.2661,11.0042,10.7641,9.9404
2020-04-29,9135.71,12761.27,10.4483,0.2892,11.0042,10.7636,9.9404
2020-04-30,9187.37,12833.42,10.5503,0.324,11.0042,10.7631,9.9404
2020-05-06,9204.09,12856.78,10.5484,0.3227,11.0042,10.763,9.9404
2020-05-07,9187.63,12836.27,10.5281,0.3175,11.0042,10.7629,9.9404
2020-05-08,9258.4,12944.81,10.5881,0.3439,10.9962,10.7616,9.9449
2020-05-11,9259.43,12946.25,10.5821,0.3425,10.9962,10.7602,9.9449
2020-05-12,9290.53,12989.74,10.5694,0.3333,10.9962,10.7589,9.9449
2020-05-13,9343.36,13063.6,10.625,0.3672,10.9962,10.7575,9.9449
2020-05-14,9215.01,12884.14,10.4959,0.2957,10.9962,10.7551,9.9449
2020-05-15,9153.85,12798.64,10.4904,0.2946,10.9961,10.7528,9.9696
2020-05-18,9212.95,12881.27,10.5064,0.305,10.9961,10.7528,9.9696
2020-05-19,9327.66,13041.66,10.6389,0.3846,10.9961,10.7527,9.9696
2020-05-20,9276.4,12969.98,10.6046,0.3678,10.9961,10.7526,9.9696
2020-05-21,9213.65,12882.25,10.5853,0.3511,10.9961,10.7525,9.9696
2020-05-22,9028.91,12627.43,10.324,0.2395,10.9905,10.7482,9.9973
2020-05-25,9051.54,12662.59,10.3422,0.2462,10.9905,10.7438,9.9973
2020-05-26,9149.53,12830.65,10.4679,0.2868,10.9905,10.7435,9.9973
2020-05-27,9126.22,12802.66,10.4315,0.2782,10.9905,10.7432,9.9973
2020-05-28,9121.48,12796.91,10.4907,0.3034,10.9905,10.7419,9.9973
2020-05-29,9177.22,12879.92,10.5007,0.3134,10.9859,10.7406,10.0001
2020-06-01,9394.04,13188.28,10.754,0.5204,10.9859,10.7419,10.0001
2020-06-02,9395.25,13195.77,10.7958,0.5741,10.9859,10.7432,10.0001
2020-06-03,9394.91,13195.3,10.8218,0.6052,10.9859,10.7435,10.0001
2020-06-04,9387.13,13185.83,10.8149,0.5956,10.9859,10.7438,10.0001
2020-06-05,9439.38,13259.24,10.8856,0.674,10.9807,10.7482,10.0019
2020-06-08,9472.04,13310.12,10.9316,0.7445,10.9807,10.7525,10.0019
2020-06-09,9556.29,13428.5,11.0109,0.8291,10.9859,10.7526,10.0019
2020-06-10,9535.22,13434.38,10.989,0.8007,10.989,10.7527,10.0019
2020-06-11,9436.48,13308.13,10.8685,0.6354,10.989,10.7528,10.0019
2020-06-12,9459.65,13346.74,10.8896,0.6871,10.9859,10.7528,10.0389
2020-06-15,9390.07,13248.57,10.3706,0.2473,10.9859,10.7528,10.0389
2020-06-16,9515.78,13435,10.4971,0.3,10.9859,10.7527,10.0389
2020-06-17,9536.67,13473.74,10.5063,0.3096,10.9859,10.7526,10.0389
2020-06-18,9549.65,13499.58,10.4951,0.2943,10.9859,10.7525,10.0389
2020-06-19,9638.42,13643.5,10.6233,0.3852,10.9807,10.7482,10.0765
2020-06-22,9593.6,13595.26,10.6209,0.3803,10.9807,10.7438,10.0765
2020-06-23,9621.3,13634.51,10.6774,0.4456,10.9807,10.7435,10.0765
2020-06-24,9692.37,13760.24,10.729,0.486,10.9807,10.7432,10.0765
2020-06-29,9683.79,13748.06,10.7202,0.4843,10.9807,10.7419,10.0765
2020-06-30,9785.1,13901.66,10.7564,0.5208,10.9775,10.7432,10.1114
2020-07-01,9951.74,14140.51,10.8993,0.7128,10.9775,10.7435,10.1114
2020-07-02,10146.25,14416.9,11.1,0.9,10.9807,10.7438,10.1114
2020-07-03,10328.47,14675.81,11.2974,0.9759,10.9859,10.7482,10.1114
2020-07-06,10937.31,15540.93,12.0242,1,10.989,10.7525,10.1114
2020-07-07,11004.84,15636.88,12.204,1,10.989,10.7526,10.1406
2020-07-08,11172.26,15874.76,12.2686,1,10.9905,10.7527,10.1406
2020-07-09,11307.32,16081.02,12.3612,1,10.9961,10.7528,10.1406
2020-07-10,11037.11,15733.75,12.0375,0.9899,10.9962,10.7528,10.1406
2020-07-13,11191.68,15987.02,12.2653,0.9933,11.0042,10.7534,10.1406
2020-07-14,11061.54,15801.12,12.1515,0.9866,11.0042,10.754,10.2438
2020-07-15,10951.75,15667.08,12.003,0.9766,11.0045,10.7552,10.2438
2020-07-16,10538.26,15075.55,11.5426,0.9733,11.005,10.7564,10.2438
2020-07-17,10620.51,15193.22,11.6358,0.9734,11.0092,10.757,10.2438
2020-07-20,10912.18,15610.47,11.8585,0.9735,11.0109,10.7575,10.2438
2020-07-21,10923.22,15626.26,11.8893,0.9736,11.0109,10.7589,10.2441
2020-07-22,10951.53,15666.76,11.9524,0.9737,11.0186,10.7602,10.2441
2020-07-23,10927.73,15632.71,11.899,0.9705,11.022,10.7616,10.2441
2020-07-24,10441.66,14937.36,11.4271,0.9477,11.0233,10.7629,10.2441
2020-07-27,10459.93,14963.5,11.4505,0.9479,11.0293,10.763,10.2441
2020-07-28,10572.01,15123.85,11.604,0.9578,11.0293,10.7631,10.272
2020-07-29,10791.62,15438,11.7905,0.9612,11.031,10.7636,10.272
2020-07-30,10725.68,15343.67,11.7552,0.9581,11.0403,10.7641,10.272
2020-07-31,10766.89,15402.63,11.8206,0.9614,11.0446,10.7656,10.272
2020-08-03,10891.81,15581.33,11.9272,0.9712,11.052,10.7672,10.272
2020-08-04,11035.28,15786.57,12.0005,0.9744,11.052,10.7694,10.324
2020-08-05,11024.08,15770.54,11.9757,0.9713,11.0634,10.7716,10.324
2020-08-06,10998.53,15734,11.912,0.9619,11.0696,10.7734,10.324
2020-08-07,10834.99,15517.78,11.764,0.943,11.0757,10.7752,10.324
2020-08-10,10968.4,15708.84,11.8,0.9464,11.0779,10.7753,10.324
2020-08-11,10917.25,15635.59,11.7538,0.934,11.0779,10.7754,10.3405
2020-08-12,10823.67,15509.67,11.6602,0.931,11.0782,10.7758,10.3405
2020-08-13,10787.43,15457.73,11.6213,0.925,11.0799,10.7761,10.3405
2020-08-14,11024.16,15796.96,11.8118,0.947,11.0819,10.7774,10.3405
2020-08-17,11340.1,16249.69,12.0608,0.9845,11.0819,10.7787,10.3405
2020-08-18,11328.91,16233.65,12.0576,0.9814,11.0819,10.7794,10.3422
2020-08-19,11183.32,16025.02,11.886,0.9475,11.0871,10.7801,10.3422
2020-08-20,11002.58,15766.03,11.7627,0.9262,11.0912,10.7827,10.3422
2020-08-21,11073.07,15872.08,11.8571,0.9417,11.1,10.7854,10.3422
2020-08-24,11137.44,15969.84,11.9872,0.9664,11.1006,10.7898,10.3422
2020-08-25,11171.15,16018.17,12.0106,0.9726,11.1006,10.7943,10.3645
2020-08-26,11067.79,15869.96,11.9611,0.9574,11.1038,10.795,10.3645
2020-08-27,11201.09,16061.1,12.0342,0.9758,11.1067,10.7958,10.3645
2020-08-28,11546.8,16556.81,12.3045,0.997,11.1088,10.7979,10.3645
2020-08-31,11436.13,16398.12,12.8378,1,11.1096,10.8001,10.3645
2020-09-01,11512.23,16507.25,12.8895,1,11.1096,10.8027,10.3672
2020-09-02,11523.89,16523.97,12.8392,0.997,11.1111,10.8053,10.3672
2020-09-03,11440.82,16404.85,12.7982,0.991,11.1336,10.8053,10.3672
2020-09-04,11315.59,16225.28,12.7066,0.9881,11.1352,10.8053,10.3672
2020-09-07,11039.2,15828.97,12.4508,0.9852,11.1381,10.8074,10.3672
2020-09-08,11101.39,15918.15,12.519,0.9852,11.1381,10.8095,10.3681
2020-09-09,10870.48,15587.05,12.3009,0.9735,11.1522,10.8101,10.3681
2020-09-10,10915.49,15651.58,12.3357,0.9765,11.1721,10.8106,10.3681
2020-09-11,11004.82,15779.68,12.4423,0.9795,11.1829,10.8126,10.3681
2020-09-14,11024.46,15807.84,12.5047,0.9825,11.2126,10.8146,10.3681
2020-09-15,11111.21,15932.22,12.5482,0.9854,11.2126,10.8148,10.3706
2020-09-16,11058.58,15856.75,12.4639,0.9767,11.2171,10.8149,10.3706
2020-09-17,11036.8,15825.53,12.3687,0.9681,11.2282,10.8164,10.3706
2020-09-18,11293.78,16194.01,12.6148,0.9855,11.2379,10.8179,10.3706
2020-09-21,11198.72,16057.7,12.5065,0.9769,11.2438,10.8185,10.3706
2020-09-22,11057.61,15855.36,12.4351,0.9626,11.2438,10.8191,10.3858
2020-09-23,11115.07,15937.76,12.4419,0.9628,11.2514,10.8205,10.3858
2020-09-24,10889.66,15614.55,12.2819,0.9429,11.2696,10.8218,10.3858
2020-09-25,10903.51,15634.4,12.2873,0.943,11.2848,10.8251,10.3858
2020-09-28,10940.38,15687.27,12.363,0.9545,11.2866,10.8284,10.3858
2020-09-29,10946.89,15696.61,12.3619,0.9518,11.2866,10.8335,10.3895
2020-09-30,10903.61,15634.55,12.3925,0.9576,11.2876,10.8387,10.3895
2020-10-09,11135.78,15967.45,12.6284,0.9859,11.2974,10.8429,10.3895
2020-10-12,11525.43,16526.17,12.9806,1,11.3013,10.8472,10.3895
2020-10-13,11579.13,16603.17,12.9766,0.9972,11.3266,10.8477,10.3895
2020-10-14,11512.96,16508.29,12.9521,0.9944,11.3266,10.8481,10.392
2020-10-15,11538.02,16544.22,12.9763,0.9944,11.3358,10.8515,10.392
2020-10-16,11582.17,16607.53,13.0288,1,11.3843,10.8549,10.392
2020-10-19,11475.22,16454.17,12.9923,0.9972,11.394,10.8554,10.392
2020-10-20,11544.85,16554.02,13.0484,1,11.4271,10.856,10.392
2020-10-21,11627.24,16672.16,13.0866,1,11.4271,10.8564,10.4198
2020-10-22,11559.19,16574.58,13.062,0.9973,11.4505,10.8569,10.4198
2020-10-23,11400.84,16347.52,12.9066,0.9753,11.5068,10.8579,10.4198
2020-10-26,11337.85,16258.58,12.7656,0.9617,11.5387,10.8589,10.4198
2020-10-27,11426.02,16385.02,12.7815,0.9619,11.5426,10.8623,10.4198
2020-10-28,11510.87,16506.7,12.8187,0.9647,11.5426,10.8658,10.4209
2020-10-29,11571.65,16593.85,12.8616,0.9702,11.604,10.8659,10.4209
2020-10-30,11314.81,16225.55,12.7153,0.9514,11.6213,10.866,10.4209
2020-11-02,11316.98,16228.66,12.8356,0.9623,11.6358,10.8673,10.4209
2020-11-03,11451.51,16421.58,12.9733,0.9785,11.6602,10.8685,10.4209
2020-11-04,11571.7,16593.93,13.1184,1,11.6602,10.8692,10.4315
2020-11-05,11702.46,16781.44,13.1974,1,11.7538,10.8698,10.4315
2020-11-06,11636.75,16687.21,13.1094,0.9947,11.7552,10.8712,10.4315
2020-11-09,11806.68,16930.89,13.3388,1,11.7627,10.8727,10.4315
2020-11-10,11788.4,16904.68,13.3133,0.9973,11.764,10.8741,10.4315
2020-11-11,11814.7,16942.4,13.2595,0.9947,11.764,10.8756,10.4483
2020-11-12,11802.09,16924.31,13.2303,0.9921,11.7905,10.8757,10.4483
2020-11-13,11673.09,16739.33,13.0446,0.9737,11.8,10.8758,10.4483
2020-11-16,11791,16908.4,13.1682,0.9869,11.8118,10.8766,10.4483
2020-11-17,11787.11,16902.82,13.1384,0.9843,11.8206,10.8774,10.4483
2020-11-18,11740.57,16836.1,13.15,0.9843,11.8206,10.8778,10.4531
2020-11-19,11880.11,17036.19,13.2704,0.9948,11.8571,10.8782,10.4531
2020-11-20,11860.13,17007.54,13.2753,0.9948,11.8585,10.8807,10.4531
2020-11-23,12009.19,17221.29,13.4871,1,11.886,10.8831,10.4531
2020-11-24,11914.47,17085.47,13.3977,0.9974,11.8893,10.8841,10.4531
2020-11-25,11748.97,16852.08,13.2199,0.9794,11.8893,10.885,10.4679
2020-11-26,11819.71,16953.55,13.3187,0.9923,11.899,10.8853,10.4679
2020-11-27,12002.24,17215.35,13.5824,1,11.912,10.8856,10.4679
2020-11-30,11900.52,17069.44,13.5049,0.9974,11.9272,10.886,10.4679
2020-12-01,12201.12,17500.61,13.7967,1,11.9524,10.8865,10.4679
2020-12-02,12182.65,17474.13,13.7653,0.9975,11.9524,10.8866,10.4717
2020-12-03,12239.14,17555.15,13.7896,0.9975,11.9611,10.8867,10.4717
2020-12-04,12246.73,17566.04,13.8097,1,11.9757,10.8874,10.4717
2020-12-07,12114.93,17376.99,13.6725,0.9899,11.9872,10.8881,10.4717
2020-12-08,12090.9,17344.18,13.6485,0.9874,12.0005,10.8881,10.4717
2020-12-09,12016.28,17237.14,13.5543,0.9824,12.0005,10.8882,10.4778
2020-12-10,12021.28,17244.32,13.5314,0.9799,12.003,10.8885,10.4778
2020-12-11,11879.57,17041.04,13.4231,0.9725,12.0106,10.8888,10.4778
2020-12-14,11940.82,17128.89,26.1523,1,12.0242,10.8892,10.4778
2020-12-15,11967.83,17167.65,26.1763,1,12.0342,10.8896,10.4778
2020-12-16,11992,17202.31,26.3585,1,12.0342,10.8898,10.4904
2020-12-17,12141.56,17416.85,26.8119,1,12.0375,10.89,10.4904
2020-12-18,12050.2,17285.8,26.6726,0.9975,12.0576,10.8902,10.4904
2020-12-21,12190.3,17486.78,27.082,1,12.0608,10.8903,10.4904
2020-12-22,11939.73,17127.33,26.6678,0.9926,12.1515,10.8903,10.4904
2020-12-23,12030.04,17256.88,26.7821,0.9951,12.1515,10.8903,10.4907
2020-12-24,11929.87,17113.18,26.6598,0.9878,12.204,10.894,10.4907
2020-12-25,12060.12,17300.03,26.7959,0.9951,12.2653,10.8977,10.4907
2020-12-28,12047.95,17282.57,27.0178,0.9976,12.2686,10.8985,10.4907
2020-12-29,12019.49,17241.76,26.9446,0.9951,12.2819,10.8993,10.4907
2020-12-30,12153.6,17434.13,27.5941,1,12.2819,10.8999,10.4951
2020-12-31,12381.3,17760.75,28.2145,1,12.2873,10.9006,10.4951
2021-01-04,12553.25,18007.42,28.7282,1,12.3009,10.9025,10.4951
2021-01-05,12887.05,18486.24,29.3325,1,12.3045,10.9044,10.4951
2021-01-06,12953.71,18581.87,29.8165,1,12.3357,10.9068,10.4951
2021-01-07,13192.68,18924.67,30.3265,1,12.3357,10.9092,10.4959
2021-01-08,13134.69,18841.49,30.0878,0.9976,12.3612,10.9113,10.4959
2021-01-11,12875.37,18469.49,29.6902,0.9929,12.3619,10.9133,10.4959
2021-01-12,13234.73,18984.99,30.6489,1,12.363,10.914,10.4959
2021-01-13,13195.25,18928.36,30.5231,0.9976,12.3687,10.9148,10.4959
2021-01-14,12957.33,18587.07,29.6993,0.9882,12.3687,10.9151,10.4971
2021-01-15,12923.67,18538.78,29.5862,0.9835,12.3925,10.9154,10.4971
2021-01-18,13057.07,18730.14,29.8594,0.9906,12.4351,10.918,10.4971
2021-01-19,12916.09,18527.9,29.2511,0.9765,12.4419,10.9206,10.4971
2021-01-20,12970.99,18606.66,29.6204,0.9813,12.4423,10.9224,10.4971
2021-01-21,13192.77,18924.79,30.1497,0.993,12.4423,10.9241,10.5002
2021-01-22,13228.95,18976.7,30.4139,0.9953,12.4508,10.9267,10.5002
2021-01-25,13287.26,19060.34,30.8556,1,12.4639,10.9293,10.5002
2021-01-26,13074.65,18755.36,30.0693,0.9838,12.5047,10.9297,10.5002
2021-01-27,13147.14,18859.34,29.9691,0.9815,12.5065,10.9301,10.5002
2021-01-28,12723.78,18252.04,29.1932,0.9607,12.5065,10.9308,10.5007
2021-01-29,12658.94,18159.03,29.1427,0.9585,12.519,10.9316,10.5007
2021-02-01,12776.61,18327.83,29.4039,0.9655,12.5482,10.9332,10.5007
2021-02-02,13007.58,18659.15,29.948,0.9794,12.6148,10.9349,10.5007
2021-02-03,12876,18470.39,29.936,0.9771,12.6284,10.9354,10.5007
2021-02-04,12770.7,18319.35,28.9859,0.9498,12.6284,10.9359,10.5063
2021-02-05,12706.87,18227.78,28.8547,0.9476,12.7066,10.9365,10.5063
2021-02-08,12922.17,18536.63,29.4341,0.9614,12.7153,10.9372,10.5063
2021-02-09,13319.59,19106.72,30.1724,0.9887,12.7656,10.9372,10.5063
2021-02-10,13502.84,19369.59,31.0699,1,12.7815,10.9373,10.5063
2021-02-18,13433.69,19270.4,30.51,0.991,12.7815,10.94,10.5064
2021-02-19,13503.87,19371.06,30.4512,0.9887,12.7982,10.9428,10.5064
2021-02-22,13219.24,18962.78,29.1851,0.9416,12.8187,10.9437,10.5064
2021-02-23,13112.59,18809.78,29.1764,0.9395,12.8356,10.9446,10.5064
2021-02-24,12820.75,18391.15,28.1766,0.9262,12.8378,10.9466,10.5064
2021-02-25,12881.71,18478.58,28.2344,0.9286,12.8378,10.9487,10.5118
2021-02-26,12563.41,18022,27.6329,0.922,12.8392,10.9514,10.5118
2021-03-01,12785.42,18340.46,28.1168,0.9222,12.8616,10.9541,10.5118
2021-03-02,12610.16,18089.06,27.5105,0.9157,12.8895,10.9557,10.5118
2021-03-03,12735.75,18269.21,28.0411,0.9204,12.9066,10.9572,10.5118
2021-03-04,12263.97,17592.45,26.8341,0.9051,12.9066,10.9621,10.5149
2021-03-05,12263.36,17591.58,26.7792,0.8965,12.9521,10.9669,10.5149
2021-03-08,11828.3,16967.49,25.6834,0.8813,12.9733,10.9684,10.5149
2021-03-09,11514.03,16516.67,25.0529,0.8794,12.9763,10.9699,10.5149
2021-03-10,11549.35,16567.34,25.3955,0.8796,12.9766,10.9706,10.5149
2021-03-11,11799.96,16926.84,26.1811,0.8865,12.9766,10.9713,10.5216
2021-03-12,11812.37,16944.64,26.2395,0.8867,12.9806,10.9734,10.5216
2021-03-15,11515.18,16518.32,25.3626,0.8739,12.9923,10.9756,10.5216
2021-03-16,11588.54,16623.55,25.4127,0.8764,13.0288,10.9765,10.5216
2021-03-17,11667.7,16737.12,25.5801,0.8766,13.0446,10.9775,10.5216
2021-03-18,11790.97,16913.94,25.8246,0.879,13.0446,10.9791,10.5281
2021-03-19,11499.45,16495.75,25.0452,0.8642,13.0484,10.9807,10.5281
2021-03-22,11562.73,16586.53,25.0236,0.8624,13.062,10.9833,10.5281
2021-03-23,11440.39,16411.04,24.9134,0.8605,13.0866,10.9859,10.5281
2021-03-24,11221.84,16097.54,24.5063,0.8587,13.1094,10.9875,10.5281
2021-03-25,11287.43,16191.62,24.5174,0.859,13.1094,10.989,10.5446
2021-03-26,11509.15,16509.68,25.1908,0.8678,13.1184,10.9898,10.5446
2021-03-29,11524.94,16532.32,25.2922,0.8681,13.1384,10.9905,10.5446
2021-03-30,11640.13,16697.57,25.53,0.8747,13.15,10.9933,10.5446
2021-03-31,11571.92,16599.72,24.9732,0.8559,13.1682,10.9961,10.5446
2021-04-01,11708.65,16795.85,25.3929,0.8689,13.1682,10.9961,10.5484
2021-04-02,11758.03,16866.69,25.8995,0.8819,13.1974,10.9962,10.5484
2021-04-06,11770.52,16884.6,25.7645,0.8779,13.2199,11.0002,10.5484
2021-04-07,11718.34,16809.75,25.4181,0.8697,13.2303,11.0042,10.5484
2021-04-08,11736.33,16835.56,25.6133,0.8742,13.2595,11.0044,10.5484
2021-04-09,11562.9,16586.78,25.0918,0.8536,13.2595,11.0045,10.5503
2021-04-12,11264.64,16158.93,24.3433,0.8372,13.2704,11.0047,10.5503
2021-04-13,11244.22,16129.64,24.4351,0.8375,13.2753,11.005,10.5503
2021-04-14,11335.04,16259.91,24.7488,0.842,13.3133,11.0071,10.5503
2021-04-15,11319.45,16237.56,24.3977,0.834,13.3187,11.0092,10.5503
2021-04-16,11339.32,16266.06,24.4639,0.8364,13.3187,11.01,10.5573
2021-04-19,11589.31,16624.67,25.1223,0.8554,13.3388,11.0109,10.5573
2021-04-20,11587.55,16623.5,25.1354,0.8557,13.3977,11.0147,10.5573
2021-04-21,11567.99,16595.44,25.1381,0.856,13.4231,11.0186,10.5573
2021-04-22,11597.1,16642.53,24.9799,0.8419,13.4871,11.0203,10.5573
2021-04-23,11646.37,16713.24,25.1845,0.8566,13.4871,11.022,10.5694
2021-04-26,11512.14,16520.61,24.7968,0.8344,13.5049,11.0227,10.5694
2021-04-27,11521.51,16534.06,24.6408,0.8306,13.5314,11.0233,10.5694
2021-04-28,11647.6,16715.01,24.4593,0.8228,13.5543,11.0263,10.5694
2021-04-29,11690.67,16776.82,24.3196,0.815,13.5824,11.0293,10.5694
2021-04-30,11633.6,16698.49,23.3348,0.8134,13.5824,11.0301,10.573
2021-05-06,11517.48,16531.82,22.8822,0.8117,13.6485,11.031,10.573
2021-05-07,11380.65,16337.81,22.4292,0.8101,13.6725,11.0357,10.573
2021-05-10,11370.13,16324.33,22.3714,0.8085,13.7653,11.0403,10.573
2021-05-11,11436.8,16420.06,22.6355,0.8109,13.7896,11.0425,10.573
2021-05-12,11451.81,16448.69,22.7605,0.8112,13.7896,11.0446,10.5734
2021-05-13,11385.53,16353.5,22.5537,0.8076,13.7967,11.0483,10.5734
2021-05-14,11654.46,16739.76,23.1789,0.814,13.8097,11.052,10.5734
2021-05-17,11776.91,16917.84,23.6102,0.8164,22.3714,11.0577,10.5734
2021-05-18,11729.15,16849.24,23.5958,0.8147,22.4292,11.0634,10.5734
2021-05-19,11682.6,16788.92,23.5579,0.8131,22.4292,11.0665,10.5821
2021-05-20,11709.76,16836.2,23.6483,0.8175,22.5537,11.0696,10.5821
2021-05-21,11557.2,16630.53,23.3635,0.8099,22.6355,11.0727,10.5821
2021-05-24,11637.78,16746.49,23.5699,0.8123,22.7605,11.0757,10.5821
2021-05-25,11923.06,17157,24.4649,0.8304,22.8822,11.0768,10.5821
2021-05-26,11932.17,17170.1,24.4189,0.8228,22.8822,11.0779,10.5853
2021-05-27,11996.79,17265.67,24.5646,0.835,23.1789,11.0781,10.5853
2021-05-28,11878.76,17095.8,24.5496,0.8333,23.3348,11.0782,10.5853
2021-05-31,11851.89,17061.08,24.6776,0.8376,23.3635,11.0791,10.5853
2021-06-01,11873.6,17097.01,24.789,0.8398,23.5579,11.0799,10.5853
2021-06-02,11774.15,16960.36,24.5015,0.8246,23.5579,11.0809,10.5881
2021-06-03,11666.41,16805.15,24.334,0.8093,23.5699,11.0819,10.5881
2021-06-04,11659.01,16794.5,24.5706,0.833,23.5958,11.0819,10.5881
2021-06-07,11648.61,16783.72,24.594,0.8333,23.6102,11.0819,10.5881
2021-06-08,11541.83,16629.87,24.1865,0.8027,23.6483,11.0845,10.5881
2021-06-09,11533.78,16623.66,24.2725,0.8031,23.6483,11.0871,10.5954
2021-06-10,11556.97,16657.09,24.6062,0.8343,24.1865,11.0891,10.5954
2021-06-11,11455.43,16519.38,17.0683,0.7712,24.1865,11.0912,10.5954
2021-06-15,11267.35,16248.15,16.9088,0.7697,24.1865,11.0956,10.5954
2021-06-16,11140.16,16066.63,16.6046,0.7682,24.1865,11.1,10.5954
2021-06-17,11094.09,16020.85,16.7226,0.7686,23.6483,11.1003,10.5974
2021-06-18,11098.69,16027.48,16.64,0.7672,23.6483,11.1006,10.5974
2021-06-21,11058.6,15973.97,16.5657,0.7638,23.6483,11.1022,10.5974
2021-06-22,11143.67,16096.85,16.6928,0.7681,23.6483,11.1038,10.5974
2021-06-23,11210.03,16193.43,16.6765,0.7666,23.6483,11.1053,10.5974
2021-06-24,11267.93,16277.56,16.724,0.7708,23.6102,11.1067,10.6007
2021-06-25,11457.33,16551.17,17.0631,0.7732,23.6102,11.1078,10.6007
2021-06-28,11394.55,16470.83,17.0598,0.7717,23.6102,11.1088,10.6007
2021-06-29,11310.63,16358.92,16.959,0.7702,23.6102,11.1092,10.6007
2021-06-30,11356.41,16437.31,17.15,0.7763,23.6102,11.1096,10.6007
2021-07-01,11346.5,16422.97,17.2772,0.7767,23.5958,11.1103,10.6046
2021-07-02,11156.4,16147.81,16.7654,0.764,23.5958,11.1111,10.6046
2021-07-05,11155.82,16146.97,16.8317,0.7645,23.5958,11.1224,10.6046
2021-07-06,11219.76,16246.17,16.8966,0.7649,23.5958,11.1336,10.6046
2021-07-07,11298.99,16375.29,17.0749,0.7747,23.5958,11.1344,10.6046
2021-07-08,11171.25,16190.93,16.9396,0.7658,23.5699,11.1352,10.6209
2021-07-09,11113.2,16161.75,16.7978,0.7588,23.5699,11.1367,10.6209
2021-07-12,11261.58,16377.53,16.9623,0.7685,23.5699,11.1381,10.6209
2021-07-13,11288.75,16423.4,17.029,0.7689,23.5699,11.1451,10.6209
2021-07-14,11227.8,16339.82,16.8597,0.7583,23.5699,11.1522,10.6209
2021-07-15,11309.83,16478.34,17.0549,0.7698,23.5579,11.1621,10.6212
2021-07-16,11219.21,16346.3,16.7512,0.75,23.5579,11.1721,10.6212
2021-07-19,11191.21,16313.3,16.7926,0.7523,23.5579,11.1775,10.6212
2021-07-20,11156.95,16277.47,16.7101,0.7436,23.5579,11.1829,10.6212
2021-07-21,11180.64,16312.02,16.8428,0.7569,23.5579,11.1978,10.6212
2021-07-22,11228.62,16382.03,16.8473,0.7573,23.3635,11.2126,10.6233
2021-07-23,11095.61,16187.97,16.5611,0.7304,23.3635,11.2149,10.6233
2021-07-26,10785.22,15735.13,15.9895,0.7291,23.3635,11.2171,10.6233
2021-07-27,10476.93,15285.35,15.4223,0.7278,23.3635,11.2227,10.6233
2021-07-28,10469.2,15274.07,15.6114,0.7283,23.3635,11.2282,10.6233
2021-07-29,10627.53,15522.71,15.8431,0.7288,23.3348,11.2331,10.625
2021-07-30,10571.9,15441.47,15.4471,0.7256,23.3348,11.2379,10.625
2021-08-02,10934.38,15970.9,15.8153,0.7279,23.3348,11.2408,10.625
2021-08-03,10977.06,16033.26,15.7904,0.7266,23.3348,11.2438,10.625
2021-08-04,11036.82,16129.3,15.8642,0.7307,23.3348,11.2476,10.625
2021-08-05,10976.14,16040.61,15.7535,0.724,23.1789,11.2514,10.6344
2021-08-06,10909.09,15956.09,15.6412,0.7227,23.1789,11.2605,10.6344
2021-08-09,11159.48,16322.32,15.7805,0.725,23.1789,11.2696,10.6344
2021-08-10,11203.42,16386.59,15.974,0.7326,23.1789,11.2772,10.6344
2021-08-11,11222.65,16414.71,15.9561,0.7313,23.1789,11.2848,10.6344
2021-08-12,11143.35,16298.73,15.7582,0.7211,22.8822,11.2857,10.6347
2021-08-13,11123.3,16269.41,15.7217,0.7181,22.8822,11.2866,10.6347
2021-08-16,11196.13,16375.93,15.5369,0.7133,22.8822,11.2871,10.6347
2021-08-17,10933.36,15991.59,15.1781,0.7085,22.8822,11.2876,10.6347
2021-08-18,11034.69,16139.8,15.3967,0.709,22.8822,11.2925,10.6347
2021-08-19,10880.83,15914.76,15.2095,0.7077,22.7605,11.2974,10.6389
2021-08-20,10746.59,15718.42,14.8624,0.7047,22.7605,11.2994,10.6389
2021-08-23,10882.65,15921.54,15.1742,0.7053,22.7605,11.3013,10.6389
2021-08-24,10926.85,15986.2,15.3557,0.7093,22.7605,11.314,10.6389
2021-08-25,10904.01,15958.75,15.3837,0.7098,22.7605,11.3266,10.6389
2021-08-26,10800.14,15806.72,15.1027,0.7016,22.6355,11.3312,10.6396
2021-08-27,10864.15,15904.52,15.0412,0.7003,22.6355,11.3358,10.6396
2021-08-30,10820.33,15840.37,14.6258,0.6974,22.6355,11.3601,10.6396
2021-08-31,10824.91,15847.08,14.2111,0.6962,22.6355,11.3843,10.6396
2021-09-01,11044.21,16168.12,14.4672,0.6967,22.6355,11.3892,10.6396
2021-09-02,11141.97,16311.23,14.4808,0.6972,22.5537,11.394,10.6407
2021-09-03,11067.64,16202.42,14.4363,0.6943,22.5537,11.4106,10.6407
2021-09-06,11296.88,16538.02,14.6821,0.7,22.5537,11.4271,10.6407
2021-09-07,11421.04,16719.78,14.8608,0.7005,22.5537,11.4388,10.6407
2021-09-08,11427.64,16729.45,14.7892,0.6993,22.5537,11.4505,10.6407
2021-09-09,11454.51,16768.78,14.8138,0.6998,22.4292,11.4787,10.6443
2021-09-10,11397.43,16685.22,14.9689,0.7038,22.4292,11.5068,10.6443
2021-09-13,11448.63,16760.17,15.0308,0.7043,22.4292,11.5227,10.6443
2021-09-14,11226.09,16434.39,14.8706,0.7014,22.4292,11.5387,10.6443
2021-09-15,11139.24,16307.24,14.6482,0.6917,22.4292,11.5406,10.6443
2021-09-16,11059.45,16190.44,14.4646,0.6854,22.3714,11.5426,10.646
2021-09-17,11042.83,16166.1,14.6413,0.691,22.3714,11.5733,10.646
2021-09-22,10992.71,16092.73,14.4707,0.6864,22.3714,11.604,10.646
2021-09-23,11064.16,16197.32,14.4739,0.687,22.3714,11.6126,10.646
2021-09-24,10857.87,15895.32,14.4697,0.6841,22.3714,11.6213,10.646
2021-09-27,10776.27,15775.87,14.6155,0.6897,17.2772,11.6286,10.6513
2021-09-28,10854.36,15890.19,14.601,0.6886,17.2772,11.6358,10.6513
2021-09-29,10656.8,15600.98,14.4613,0.6773,17.2772,11.648,10.6513
2021-09-30,10752.53,15741.11,14.5598,0.6879,17.2772,11.6602,10.6513
2021-10-08,10903.09,15961.53,14.6579,0.6968,17.2772,11.707,10.6513
2021-10-11,10972.74,16063.49,14.7573,0.699,17.15,11.7538,10.6548
2021-10-12,10787.51,15792.32,14.6,0.6861,17.15,11.7545,10.6548
2021-10-13,10798.04,15807.75,14.7802,0.7,17.15,11.7552,10.6548
2021-10-14,10759.4,15751.17,14.7516,0.6972,17.15,11.7589,10.6548
2021-10-15,10783.66,15786.69,14.9081,0.7093,17.15,11.7627,10.6548
2021-10-18,10768.81,15764.95,14.6438,0.6899,17.0749,11.7633,10.6556
2021-10-19,10889.53,15941.68,14.7665,0.6987,17.0749,11.764,10.6556
2021-10-20,10739.66,15722.28,14.6814,0.6926,17.0749,11.7772,10.6556
2021-10-21,10829.58,15853.91,14.8019,0.703,17.0749,11.7905,10.6556
2021-10-22,10874.29,15922.57,14.9084,0.7117,17.0749,11.7952,10.6556
2021-10-25,10874.06,15922.24,14.8049,0.7023,17.0683,11.8,10.6627
2021-10-26,10897.14,15956.03,14.7831,0.6979,17.0683,11.8059,10.6627
2021-10-27,10681.59,15640.41,14.5008,0.6721,17.0683,11.8118,10.6627
2021-10-28,10571.21,15478.8,14.3441,0.6579,17.0683,11.8162,10.6627
2021-10-29,10690.86,15654,14.4406,0.6601,17.0683,11.8206,10.6627
2021-11-01,10725.94,15705.36,13.9005,0.6542,17.0631,11.8388,10.6659
2021-11-02,10620.62,15551.15,13.7783,0.6482,17.0631,11.8571,10.6659
2021-11-03,10627.38,15561.04,13.6843,0.6455,17.0631,11.8578,10.6659
2021-11-04,10739.26,15724.87,13.7945,0.651,17.0631,11.8585,10.6659
2021-11-05,10650.36,15594.69,13.7235,0.6451,17.0631,11.8723,10.6659
2021-11-08,10644.93,15586.74,13.751,0.6456,17.0598,11.886,10.6663
2021-11-09,10637.77,15576.26,13.7023,0.643,17.0598,11.8877,10.6663
2021-11-10,10572.27,15480.35,13.5615,0.6355,17.0598,11.8893,10.6663
2021-11-11,10759.54,15754.56,13.7811,0.6506,17.0598,11.8941,10.6663
2021-11-12,10754.15,15746.67,13.7163,0.6431,17.0598,11.899,10.6663
2021-11-15,10761.64,15757.63,13.6429,0.6356,17.0549,11.9055,10.6723
2021-11-16,10813.37,15833.37,13.7308,0.6458,17.0549,11.912,10.6723
2021-11-17,10862.82,15905.78,13.7442,0.6464,17.0549,11.9196,10.6723
2021-11-18,10757.91,15752.16,13.6676,0.6358,17.0549,11.9272,10.6723
2021-11-19,10875.47,15924.31,13.8348,0.6603,17.0549,11.9398,10.6723
2021-11-22,10857.52,15898.02,13.9485,0.6624,17.029,11.9524,10.677
2021-11-23,10855.23,15894.67,13.949,0.663,17.029,11.9568,10.677
2021-11-24,10834.17,15863.84,13.9696,0.6635,17.029,11.9611,10.677
2021-11-25,10802.01,15816.75,13.9482,0.6593,17.029,11.9684,10.677
2021-11-26,10699.63,15666.84,13.8415,0.6566,17.029,11.9757,10.677
2021-11-29,10605.12,15528.45,13.9148,0.6588,16.9623,11.9814,10.6774
2021-11-30,10614.98,15542.89,13.8401,0.6546,16.9623,11.9872,10.6774
2021-12-01,10645.24,15587.2,13.8496,0.6567,16.9623,11.9938,10.6774
2021-12-02,10693.51,15657.87,13.9594,0.6651,16.9623,12.0005,10.6774
2021-12-03,10764.12,15761.26,14.0769,0.6672,16.9623,12.0017,10.6774
2021-12-06,10778.26,15781.97,14.0366,0.6661,16.959,12.003,10.6797
2021-12-07,10924.96,15996.78,14.0519,0.6667,16.959,12.0068,10.6797
2021-12-08,10985.19,16084.97,14.2911,0.6703,16.959,12.0106,10.6797
2021-12-09,11142.77,16316.67,14.4931,0.6864,16.959,12.0174,10.6797
2021-12-10,11066.18,16204.52,14.4889,0.6854,16.959,12.0242,10.6797
2021-12-13,11146.28,16321.81,15.4026,0.7434,16.9396,12.0292,10.6828
2021-12-14,11085.02,16232.11,15.309,0.7376,16.9396,12.0342,10.6828
2021-12-15,10953.62,16039.7,15.2289,0.7364,16.9396,12.0359,10.6828
2021-12-16,11030.81,16152.73,15.261,0.7368,16.9396,12.0375,10.6828
2021-12-17,10875.58,15925.43,15.0156,0.7249,16.9396,12.0476,10.6828
2021-12-20,10739.44,15726.06,14.8741,0.7191,16.9088,12.0576,10.6863
2021-12-21,10842.24,15876.6,14.887,0.7196,16.9088,12.0592,10.6863
2021-12-22,10891.55,15948.8,14.8856,0.7185,16.9088,12.0608,10.6863
2021-12-23,10953.97,16040.22,15.0597,0.7296,16.9088,12.1062,10.6863
2021-12-24,10938.47,16017.52,14.9917,0.7239,16.9088,12.1515,10.6863
2021-12-27,10963.53,16054.2,14.8601,0.709,16.8966,12.1778,10.6902
2021-12-28,11004.18,16113.74,15.0081,0.7248,16.8966,12.204,10.6902
2021-12-29,10840.09,15873.45,14.676,0.6901,16.8966,12.2346,10.6902
2021-12-30,10894.09,15952.52,14.8413,0.7073,16.8966,12.2653,10.6902
2021-12-31,10935.49,16013.16,14.8,0.7017,16.8966,12.2669,10.6902
2022-01-04,10891.89,15949.31,14.6402,0.6809,16.8597,12.2686,10.6918
2022-01-05,10815.84,15837.94,14.5244,0.6722,16.8597,12.2752,10.6918
2022-01-06,10713.19,15687.63,14.3377,0.6515,16.8597,12.2819,10.6918
2022-01-07,10763.9,15761.89,14.2941,0.6505,16.8597,12.2846,10.6918
2022-01-10,10809.09,15828.06,14.3269,0.6511,16.8597,12.2873,10.6918
2022-01-11,10686.82,15649.02,14.2439,0.6471,16.8473,12.2941,10.706
2022-01-12,10784.44,15791.96,14.444,0.6581,16.8473,12.3009,10.706
2022-01-13,10639.69,15580,14.191,0.6436,16.8473,12.3027,10.706
2022-01-14,10550.43,15449.3,14.1268,0.6426,16.8473,12.3045,10.706
2022-01-17,10641.37,15582.47,14.236,0.6462,16.8473,12.3201,10.706
2022-01-18,10745.21,15734.52,14.3656,0.6557,16.8428,12.3357,10.7062
2022-01-19,10693.56,15658.88,14.2916,0.6487,16.8428,12.3484,10.7062
2022-01-20,10702.96,15672.65,14.4803,0.6701,16.8428,12.3612,10.7062
2022-01-21,10547.23,15444.61,14.4156,0.6557,16.8428,12.3615,10.7062
2022-01-24,10524.1,15410.74,14.4036,0.6548,16.8428,12.3619,10.7062
2022-01-25,10283.51,15058.44,14.1745,0.6374,16.8317,12.3624,10.7119
2022-01-26,10360.73,15171.51,14.3245,0.6484,16.8317,12.363,10.7119
2022-01-27,10182.51,14910.54,14.1762,0.637,16.8317,12.3659,10.7119
2022-01-28,10020.54,14673.36,13.9284,0.6213,16.8317,12.3687,10.7119
2022-02-07,10238.41,14992.4,14.1206,0.6337,16.8317,12.3806,10.7119
2022-02-08,10255.7,15017.71,14.017,0.6283,16.7978,12.3925,10.7126
2022-02-09,10312.3,15100.6,14.1952,0.6406,16.7978,12.4138,10.7126
2022-02-10,10339.77,15140.82,14.1355,0.6353,16.7978,12.4351,10.7126
2022-02-11,10287.34,15064.04,14.0323,0.627,16.7978,12.4385,10.7126
2022-02-14,10140.43,14848.92,13.9287,0.6173,16.7978,12.4419,10.7126
2022-02-15,10205.58,14944.32,14.0457,0.6296,16.7926,12.4421,10.7175
2022-02-16,10254.85,15016.47,14.1221,0.6345,16.7926,12.4423,10.7175
2022-02-17,10277.21,15049.22,14.1926,0.6423,16.7926,12.4465,10.7175
2022-02-18,10331.39,15128.55,14.245,0.6487,16.7926,12.4508,10.7175
2022-02-21,10349.09,15154.47,14.1304,0.6346,16.7926,12.4573,10.7175
2022-02-22,10245.62,15002.95,13.9422,0.6134,16.7654,12.4639,10.7176
2022-02-23,10339.13,15139.89,14.0426,0.6255,16.7654,12.4843,10.7176
2022-02-24,10136.58,14843.28,13.7732,0.5913,16.7654,12.5047,10.7176
2022-02-25,10229.29,14979.04,13.9165,0.6093,16.7654,12.5056,10.7176
2022-02-28,10274.26,15044.9,14.0083,0.6214,16.7654,12.5065,10.7176
2022-03-01,10309.42,15096.38,14.1585,0.6392,16.7512,12.5128,10.7202
2022-03-02,10259.71,15023.58,14.0151,0.621,16.7512,12.519,10.7202
2022-03-03,10257.94,15021,13.9598,0.6173,16.7512,12.5336,10.7202
2022-03-04,10167.34,14888.32,13.7582,0.5848,16.7512,12.5482,10.7202
2022-03-07,9871.72,14455.44,13.2867,0.5524,16.7512,12.5815,10.7202
2022-03-08,9586.53,14037.83,13.1368,0.5387,16.724,12.6148,10.729
2022-03-09,9539.05,13968.3,13.1222,0.5379,16.724,12.6216,10.729
2022-03-10,9693.26,14194.12,13.3135,0.5557,16.724,12.6284,10.729
2022-03-11,9782.38,14324.62,13.3389,0.5592,16.724,12.6675,10.729
2022-03-14,9466.73,13862.41,12.852,0.5128,16.724,12.7066,10.729
2022-03-15,8979.61,13149.1,12.2901,0.4723,16.7226,12.6675,10.7364
2022-03-16,9256.87,13555.1,12.8869,0.5156,16.7226,12.7066,10.7364
2022-03-17,9515.53,13933.87,13.2097,0.5461,16.7226,12.7109,10.7364
2022-03-18,9566.11,14007.92,13.2838,0.5538,16.7226,12.7153,10.7364
2022-03-21,9539.98,13969.66,13.1029,0.5332,16.7226,12.7405,10.7364
2022-03-22,9530.56,13955.87,13.0941,0.5325,16.7101,12.7656,10.7403
2022-03-23,9555.99,13993.1,13.1857,0.5444,16.7101,12.7736,10.7403
2022-03-24,9538.81,13967.95,13.1523,0.5423,16.7101,12.7815,10.7403
2022-03-25,9350.82,13692.67,12.8737,0.5105,16.7101,12.7899,10.7403
2022-03-28,9248.94,13543.49,12.747,0.4972,16.7101,12.7815,10.7403
2022-03-29,9227.05,13511.43,12.749,0.4979,16.6928,12.7736,10.7406
2022-03-30,9512.39,13930.65,13.0064,0.5252,16.6928,12.7815,10.7406
2022-03-31,9450.96,13840.68,12.654,0.4923,16.6928,12.7736,10.7406
2022-04-01,9611.89,14076.37,12.8674,0.5112,16.6928,12.7815,10.7406
2022-04-06,9548.38,13983.36,12.8065,0.5021,16.6928,12.7899,10.7406
2022-04-07,9437.76,13821.35,12.6696,0.4916,16.6765,12.7815,10.7432
2022-04-08,9507.5,13923.48,12.733,0.4951,16.6765,12.7736,10.7432
2022-04-11,9211.24,13489.62,12.362,0.4694,16.6765,12.7656,10.7432
2022-04-12,9398.34,13763.63,12.5504,0.4868,16.6765,12.7573,10.7432
2022-04-13,9364.25,13713.71,12.4778,0.4806,16.6765,12.749,10.7432
2022-04-14,9424.02,13801.23,12.5635,0.4882,16.64,12.748,10.7438
2022-04-15,9413.15,13785.32,12.5258,0.4848,16.64,12.747,10.7438
2022-04-18,9296.48,13614.46,12.3152,0.4621,16.64,12.74,10.7438
2022-04-19,9176.35,13438.54,12.1874,0.4504,16.64,12.733,10.7438
2022-04-20,8965.32,13131.26,11.9512,0.4319,16.64,12.7242,10.7438
2022-04-21,8839.9,12947.65,11.8348,0.4217,16.6046,12.7153,10.7525
2022-04-22,8889.4,13020.14,11.8392,0.4225,16.6046,12.7109,10.7525
2022-04-25,8408.22,12315.37,11.2039,0.3753,16.6046,12.7066,10.7525
2022-04-26,8358.78,12242.95,11.1538,0.3721,16.6046,12.6881,10.7525
2022-04-27,8657.79,12680.91,11.3904,0.3975,16.6046,12.6696,10.7525
2022-04-28,8663.48,12689.24,11.3737,0.3956,16.5657,12.6618,10.7527
2022-04-29,8807.93,12915.11,11.5223,0.4046,16.5657,12.654,10.7527
2022-05-05,8765.14,12852.37,11.2449,0.3823,16.5657,12.6412,10.7527
2022-05-06,8512.51,12482.18,10.966,0.3084,16.5657,12.6284,10.7527
2022-05-09,8394.1,12308.55,10.8047,0.2266,16.5657,12.6216,10.7527
2022-05-10,8497.73,12461.42,10.9179,0.29,16.5611,12.6148,10.7528
2022-05-11,8674.34,12720.39,11.0817,0.3518,16.5611,12.5891,10.7528
2022-05-12,8630.13,12655.57,11.0405,0.3405,16.5611,12.5635,10.7528
2022-05-13,8679.6,12728.11,11.1178,0.3684,16.5611,12.5569,10.7528
2022-05-16,8579.22,12585.85,11.0056,0.3288,16.5611,12.5504,10.7528
2022-05-17,8732.59,12810.84,11.1617,0.3769,15.9895,12.5493,10.754
2022-05-18,8696.09,12757.29,11.1211,0.3696,15.9895,12.5482,10.754
2022-05-19,8666.05,12719.09,11.0841,0.3557,15.9895,12.537,10.754
2022-05-20,8886.7,13042.94,11.3379,0.4035,15.9895,12.5258,10.754
2022-05-23,8839.19,12973.21,11.2648,0.3922,15.9895,12.5224,10.754
2022-05-24,8615.95,12645.56,11.0361,0.3369,15.974,12.519,10.7564
2022-05-25,8636.3,12675.43,11.052,0.3418,15.974,12.5128,10.7564
2022-05-26,8576.54,12605.59,10.9785,0.3133,15.974,12.5065,10.7564
2022-05-27,8625.3,12678.81,11.0333,0.3369,15.974,12.5056,10.7564
2022-05-30,8706.03,12819.3,11.1324,0.3737,15.974,12.5047,10.7564
2022-05-31,8841.92,13019.39,11.2725,0.3984,15.9561,12.4912,10.7575
2022-06-01,8821.95,13006.49,11.2594,0.3952,15.9561,12.4778,10.7575
2022-06-02,8823.34,13019.32,11.2654,0.3974,15.9561,12.4708,10.7575
2022-06-06,9012.35,13298.22,11.4434,0.418,15.9561,12.4639,10.7575
2022-06-07,9055.41,13362.59,11.518,0.4214,15.9561,12.4573,10.7575
2022-06-08,9117.06,13457.46,11.6109,0.4274,15.8642,12.4508,10.7602
2022-06-09,9008.94,13299.4,11.5025,0.419,15.8642,12.4465,10.7602
2022-06-10,9153.1,13522.02,11.6967,0.4329,15.8642,12.4423,10.7602
2022-06-13,9017.76,13323.13,9.5862,0.0053,15.8642,12.4421,10.7575
2022-06-14,9089.88,13429.67,9.6661,0.0171,15.8642,12.4419,10.7564
2022-06-15,9167.92,13546.13,9.7208,0.0262,15.8431,12.4385,10.7564
2022-06-16,9088,13462.51,9.6353,0.0131,15.8431,12.4351,10.754
2022-06-17,9203.78,13639.66,9.7435,0.0314,15.8431,12.4138,10.7528
2022-06-20,9187.19,13615.08,9.6946,0.0222,15.8431,12.3925,10.7527
2022-06-21,9153.26,13586.61,9.7125,0.0274,15.8431,12.3806,10.7525
2022-06-22,9026.07,13398.14,9.5882,0.0065,15.8153,12.3687,10.7525
2022-06-23,9136.54,13562.13,9.6804,0.0208,15.8153,12.3659,10.7438
2022-06-24,9238.73,13713.81,9.7457,0.0377,15.8153,12.363,10.7432
2022-06-27,9433.89,14006.88,9.8791,0.0674,15.8153,12.3625,10.7406
2022-06-28,9579.22,14228.52,9.9815,0.0829,15.8153,12.362,10.7403
2022-06-29,9449.26,14052.7,9.9338,0.0776,15.7904,12.3619,10.7403
2022-06-30,9614.18,14314.9,10.0457,0.0904,15.7904,12.3619,10.7364
2022-07-01,9604.74,14300.85,10.0292,0.089,15.7904,12.3615,10.729
2022-07-04,9633.53,14344.6,10.0334,0.0902,15.7904,12.3612,10.7202
2022-07-05,9657.78,14380.7,10.0461,0.094,15.7904,12.3484,10.7176
2022-07-06,9455.37,14079.31,9.8726,0.0656,15.7805,12.3357,10.7176
2022-07-07,9458,14083.22,9.8736,0.0668,15.7805,12.3254,10.7175
2022-07-08,9418.92,14058.1,9.804,0.0526,15.7805,12.3152,10.7126
2022-07-11,9211.04,13779.38,9.6554,0.0166,15.7805,12.3099,10.7119
2022-07-12,9134.49,13689.14,9.5529,0.0026,15.7805,12.3045,10.7062
2022-07-13,9085.74,13618.42,9.5063,0.0026,15.7582,12.3027,10.7062
2022-07-14,9016.03,13522.08,9.4174,0.0026,15.7582,12.3009,10.706
2022-07-15,8928.45,13439.21,9.3213,0.0013,15.7582,12.2955,10.6918
2022-07-18,8996.71,13541.95,9.4025,0.0038,15.7582,12.2901,10.6902
2022-07-19,8978.11,13513.96,9.3974,0.0038,15.7582,12.2887,10.6863
2022-07-20,8997.77,13543.55,9.4462,0.0076,15.7535,12.2873,10.6863
2022-07-21,8864.22,13342.53,9.3223,0.0025,15.7535,12.2846,10.6828
2022-07-22,8856.35,13335.29,9.3296,0.0038,15.7535,12.2819,10.6797
2022-07-25,8822.91,13284.94,9.3306,0.0051,15.7535,12.2752,10.6774
2022-07-26,8926.99,13441.65,9.3899,0.0076,15.7535,12.2686,10.677
2022-07-27,8846.25,13320.08,9.2999,0.0013,15.7217,12.2669,10.677
2022-07-28,8815.61,13273.96,9.2628,0,15.7217,12.2653,10.6723
2022-07-29,8676.79,13066.89,9.1416,0,15.7217,12.2346,10.6663
2022-08-01,8712.02,13119.94,9.161,0.0013,15.7217,12.204,10.6659
2022-08-02,8558.55,12888.83,9.0485,0,15.7217,12.1957,10.6627
2022-08-03,8494,12796.3,8.973,0,15.6412,12.1874,10.6627
2022-08-04,8592.97,12945.4,9.0929,0.0025,15.6412,12.1695,10.6556
2022-08-05,8693.29,13097.01,9.1678,0.0063,15.6412,12.1515,10.6548
2022-08-08,8699.98,13107.09,9.1478,0.005,15.6412,12.1062,10.6513
2022-08-09,8724.5,13144.03,9.1746,0.0087,15.6412,12.0608,10.646
2022-08-10,8612.35,12975.06,9.0758,0.0025,15.6114,12.0592,10.646
2022-08-11,8781.1,13229.3,9.2171,0.0112,15.6114,12.0576,10.6443
2022-08-12,8828.02,13299.98,9.2369,0.0124,15.6114,12.0476,10.6407
2022-08-15,8782.41,13231.27,9.1761,0.0112,15.6114,12.0375,10.6396
2022-08-16,8748.08,13179.55,9.1305,0.005,15.6114,12.0359,10.6389
2022-08-17,8793.44,13247.88,9.1778,0.0136,15.5369,12.0342,10.6389
2022-08-18,8706.73,13117.25,9.0645,0.0025,15.5369,12.0292,10.6347
2022-08-19,8708.39,13123.3,9.0923,0.0049,15.5369,12.0242,10.6344
2022-08-22,8783.94,13237.15,9.1206,0.0074,15.5369,12.0174,10.625
2022-08-23,8692.23,13098.95,9.0482,0.0012,15.5369,12.0106,10.6233
2022-08-24,8589.09,12943.51,8.9766,0.0012,15.4471,12.0068,10.6233
2022-08-25,8722.5,13144.57,9.1173,0.0098,15.4471,12.003,10.6212
2022-08-26,8721.39,13149.82,9.0979,0.0098,15.4471,12.0017,10.6209
2022-08-29,8649.98,13042.15,8.9264,0,15.4471,12.0005,10.6046
2022-08-30,8621.72,12999.54,8.8919,0,15.4471,11.9938,10.6007
2022-08-31,8678.7,13085.45,8.7696,0,15.4223,11.9872,10.6007
2022-09-01,8602.12,12969.99,8.7126,0,15.4223,11.9814,10.5974
2022-09-02,8544.86,12883.65,8.6625,0,15.4223,11.9757,10.5954
2022-09-05,8528.65,12859.21,8.6719,0.0012,15.4223,11.9684,10.5881
2022-09-06,8615.97,12993.75,8.6955,0.0024,15.4223,11.9611,10.5853
2022-09-07,8588.18,12951.85,8.6642,0.0012,15.4026,11.9568,10.5853
2022-09-08,8585.37,12947.6,8.676,0.0036,15.4026,11.9524,10.5821
2022-09-09,8703.2,13125.3,8.787,0.0085,15.4026,11.9518,10.5734
2022-09-13,8781.07,13242.74,8.8477,0.0097,15.4026,11.9512,10.573
2022-09-14,8677.15,13086.02,8.7691,0.0073,15.4026,11.9392,10.5694
2022-09-15,8653.98,13051.07,8.7924,0.0109,15.3967,11.9272,10.5694
2022-09-16,8439.94,12728.28,8.6157,0,15.3967,11.9196,10.5573
2022-09-19,8472.51,12777.4,8.6641,0.0024,15.3967,11.912,10.5503
2022-09-20,8493.58,12809.18,8.6722,0.006,15.3967,11.9055,10.5484
2022-09-21,8441.15,12730.11,8.6245,0.0012,15.3967,11.899,10.5446
2022-09-22,8367.2,12618.59,8.5896,0,15.3837,11.8941,10.5446
2022-09-23,8335.4,12570.61,8.6305,0.0036,15.3837,11.8893,10.5281
2022-09-26,8277.41,12485.03,8.5593,0,15.3837,11.8877,10.5216
2022-09-27,8419.48,12699.31,8.6812,0.0132,15.3837,11.886,10.5149
2022-09-28,8313.1,12538.86,8.6225,0.0036,15.3837,11.8723,10.5118
2022-09-29,8333.45,12569.56,8.6244,0.0048,15.3557,11.8585,10.5118
2022-09-30,8317.14,12544.95,8.6334,0.0083,15.3557,11.8578,10.5064
2022-10-10,8060.57,12157.96,8.4747,0,15.3557,11.8571,10.5063
2022-10-11,8072.81,12176.43,8.4683,0,15.3557,11.8481,10.5007
2022-10-12,8111.14,12234.24,8.483,0.0024,15.3557,11.8392,10.5002
2022-10-13,7958.37,12005.32,8.3285,0,15.309,11.837,10.5002
2022-10-14,8193.29,12359.71,8.4676,0.0012,15.309,11.8348,10.4971
2022-10-17,8157.23,12305.32,8.4245,0.0012,15.309,11.8277,10.4959
2022-10-18,8137.78,12275.97,8.3969,0.0012,15.309,11.8206,10.4951
2022-10-19,8000.68,12069.16,8.2983,0,15.309,11.8162,10.4907
2022-10-20,7974.05,12028.99,8.2602,0,15.261,11.8118,10.4907
2022-10-21,7923.75,11953.1,8.2082,0,15.261,11.8059,10.4904
2022-10-24,7635.43,11518.17,7.9501,0,15.261,11.8,10.4778
2022-10-25,7610.94,11481.22,7.9038,0,15.261,11.7952,10.4717
2022-10-26,7620.48,11495.61,7.8425,0,15.261,11.7905,10.4679
2022-10-27,7544.21,11380.57,7.7622,0,15.2289,11.7772,10.4679
2022-10-28,7428.9,11206.61,7.6538,0,15.2289,11.764,10.4531
2022-10-31,7324.52,11049.16,7.3805,0,15.2289,11.7633,10.4483
2022-11-01,7592.25,11453.03,7.5934,0.0012,15.2289,11.7627,10.4315
2022-11-02,7676.12,11579.56,7.6423,0.0023,15.2289,11.7589,10.4209
2022-11-03,7602.61,11468.66,7.5506,0.0012,15.2095,11.7552,10.4209
2022-11-04,7868.98,11870.48,7.7679,0.007,15.2095,11.7545,10.4198
2022-11-07,7916.46,11942.11,7.7676,0.007,15.2095,11.7538,10.392
2022-11-08,7848.92,11840.22,7.7163,0.0058,15.2095,11.7253,10.3895
2022-11-09,7770.69,11722.21,7.6566,0.0058,15.2095,11.6967,10.3858
2022-11-10,7743.42,11681.07,7.6603,0.007,15.1781,11.6784,10.3858
2022-11-11,8016.81,12093.49,7.8727,0.0139,15.1781,11.6602,10.3706
2022-11-14,8051.84,12146.33,7.8732,0.015,15.1781,11.648,10.3681
2022-11-15,8192.86,12359.06,7.9801,0.0185,15.1781,11.6358,10.3672
2022-11-16,8164.27,12315.94,7.9629,0.0185,15.1781,11.6286,10.3645
2022-11-17,8079.4,12187.91,7.8854,0.0161,15.1742,11.6213,10.3645
2022-11-18,8046.52,12138.31,7.8941,0.0173,15.1742,11.6161,10.3422
2022-11-21,7951.77,11995.38,7.8149,0.0126,15.1742,11.6109,10.3405
2022-11-22,8008.18,12080.47,7.9331,0.0207,15.1742,11.6075,10.324
2022-11-23,8018.08,12095.4,7.9365,0.0218,15.1742,11.604,10.272
2022-11-24,7993.56,12058.41,7.9005,0.0195,15.1027,11.5733,10.272
2022-11-25,8057.4,12154.72,8.0248,0.0275,15.1027,11.5426,10.2441
2022-11-28,7958.63,12005.71,7.9391,0.024,15.1027,11.5406,10.2438
2022-11-29,8271.33,12477.43,8.1911,0.0297,15.1027,11.5387,10.1406
2022-11-30,8304.8,12527.92,8.2355,0.0319,15.1027,11.5305,10.1114
2022-12-01,8410.74,12687.74,8.2797,0.0342,15.0597,11.5223,10.1114
2022-12-02,8317.06,12546.42,8.2003,0.0307,15.0597,11.5201,10.0765
2022-12-05,8489.51,12806.56,8.4169,0.0398,15.0597,11.518,10.0461
2022-12-06,8563.52,12918.21,8.4656,0.042,15.0597,11.5124,10.0457
2022-12-07,8498.84,12820.64,8.3693,0.0385,15.0597,11.5068,10.0389
2022-12-08,8508.64,12835.43,8.3657,0.0385,15.0412,11.5046,10.0389
2022-12-09,8643.99,13039.6,8.4801,0.0486,15.0412,11.5025,10.0334
2022-12-12,8490.75,12808.43,11.3562,0.4915,15.0412,11.4765,10.0334
2022-12-13,8462.69,12766.11,11.3177,0.4876,15.0412,11.4505,10.0334
2022-12-14,8470.27,12808.33,11.3015,0.487,15.0412,11.447,10.0334
2022-12-15,8490.91,12839.53,11.332,0.4899,15.0308,11.4434,10.0389
2022-12-16,8488.7,12836.19,11.3325,0.4904,15.0308,11.4353,10.0389
2022-12-19,8388.6,12684.82,11.1888,0.4652,15.0308,11.4271,10.0389
2022-12-20,8231.78,12447.69,10.9981,0.4108,15.0308,11.4106,10.0389
2022-12-21,8231.18,12446.78,10.9856,0.4047,15.0308,11.394,10.0389
2022-12-22,8225.04,12437.5,10.9708,0.3987,15.0156,11.3922,10.0457
2022-12-23,8198.4,12397.22,10.923,0.3803,15.0156,11.3904,10.0457
2022-12-26,8270.86,12506.78,11.023,0.4223,15.0156,11.3874,10.0457
2022-12-27,8380.33,12672.32,11.1612,0.4643,15.0156,11.3843,10.0457
2022-12-28,8378.11,12668.96,11.1628,0.466,15.0156,11.379,10.0457
2022-12-29,8350.86,12627.76,11.1102,0.4532,15.0081,11.3737,10.0461
2022-12-30,8377.47,12668,11.1541,0.4638,15.0081,11.365,10.0461