datetime,nav
2013-08-23,1
2013-08-30,1
2013-09-06,1
2013-09-13,0.997
2013-09-18,1.001
2013-09-26,1.014
2013-09-27,1.025
2013-09-30,1.03
2013-10-08,1.032
2013-10-09,1.037
2013-10-10,1.026
2013-10-11,1.035
2013-10-14,1.034
2013-10-15,1.045
2013-10-16,1.026
2013-10-17,1.02
2013-10-18,1.021
2013-10-21,1.044
2013-10-22,1.037
2013-10-23,1.015
2013-10-24,1.013
2013-10-25,0.991
2013-10-28,0.987
2013-10-29,0.969
2013-10-30,0.982
2013-10-31,0.967
2013-11-01,0.969
2013-11-04,0.966
2013-11-06,0.96
2013-11-07,0.945
2013-11-08,0.932
2013-11-11,0.952
2013-11-12,0.965
2013-11-13,0.95
2013-11-14,0.965
2013-11-15,0.977
2013-11-19,0.988
2013-11-20,0.992
2013-11-21,0.987
2013-11-22,0.982
2013-11-25,0.986
2013-11-26,0.988
2013-11-27,0.995
2013-11-28,1.003
2013-11-29,1.014
2013-12-02,0.969
2013-12-03,0.989
2013-12-04,0.999
2013-12-05,0.999
2013-12-06,0.997
2013-12-09,1.003
2013-12-10,0.999
2013-12-11,0.989
2013-12-12,0.996
2013-12-13,1.001
2013-12-16,0.988
2013-12-17,0.993
2013-12-18,1.001
2013-12-19,0.999
2013-12-20,0.995
2013-12-23,1.023
2013-12-24,1.019
2013-12-25,1.022
2013-12-26,1.015
2013-12-27,1.023
2013-12-30,1.025
2013-12-31,1.03
2014-01-02,1.046
2014-01-03,1.042
2014-01-06,1.021
2014-01-08,1.041
2014-01-09,1.032
2014-01-10,1.013
2014-01-13,1.01
2014-01-14,1.026
2014-01-15,1.038
2014-01-16,1.035
2014-01-17,1.022
2014-01-20,1.01
2014-01-21,1.016
2014-01-22,1.035
2014-01-23,1.039
2014-01-24,1.056
2014-01-27,1.05
2014-01-28,1.052
2014-01-29,1.061
2014-01-30,1.059
2014-02-07,1.068
2014-02-10,1.094
2014-02-11,1.096
2014-02-12,1.109
2014-02-13,1.089
2014-02-14,1.111
2014-02-17,1.131
2014-02-18,1.134
2014-02-19,1.139
2014-02-20,1.123
2014-02-21,1.121
2014-02-24,1.14
2014-02-25,1.111
2014-02-26,1.12
2014-02-27,1.088
2014-02-28,1.083
2014-03-03,1.102
2014-03-04,1.099
2014-03-05,1.093
2014-03-06,1.089
2014-03-07,1.098
2014-03-10,1.066
2014-03-11,1.066
2014-03-12,1.066
2014-03-13,1.081
2014-03-14,1.077
2014-03-17,1.099
2014-03-18,1.105
2014-03-19,1.102
2014-03-20,1.075
2014-03-21,1.084
2014-03-24,1.083
2014-03-25,1.079
2014-03-26,1.09
2014-03-27,1.071
2014-03-28,1.042
2014-03-31,1.036
2014-04-01,1.048
2014-04-02,1.039
2014-04-03,1.036
2014-04-04,1.048
2014-04-08,1.06
2014-04-09,1.069
2014-04-10,1.073
2014-04-11,1.073
2014-04-14,1.08
2014-04-15,1.079
2014-04-16,1.075
2014-04-17,1.072
2014-04-21,1.064
2014-04-22,1.052
2014-04-23,1.046
2014-04-24,1.031
2014-04-25,1.015
2014-04-28,0.984
2014-04-29,0.995
2014-04-30,1.006
2014-05-05,1.014
2014-05-06,1.019
2014-05-07,1.008
2014-05-08,1.006
2014-05-09,0.994
2014-05-12,1.006
2014-05-13,1.004
2014-05-14,1.007
2014-05-15,0.996
2014-05-16,0.986
2014-05-19,0.98
2014-05-20,0.983
2014-05-21,0.99
2014-05-22,0.995
2014-05-23,1.005
2014-05-26,1.025
2014-05-27,1.021
2014-05-28,1.034
2014-05-29,1.03
2014-05-30,1.028
2014-06-03,1.028
2014-06-04,1.019
2014-06-05,1.029
2014-06-06,1.031
2014-06-09,1.026
2014-06-10,1.033
2014-06-11,1.043
2014-06-12,1.039
2014-06-13,1.046
2014-06-16,1.045
2014-06-17,1.035
2014-06-18,1.029
2014-06-19,1.01
2014-06-20,1.018
2014-06-23,1.028
2014-06-24,1.036
2014-06-25,1.032
2014-06-26,1.046
2014-06-27,1.049
2014-06-30,1.057
2014-07-01,1.065
2014-07-02,1.073
2014-07-03,1.094
2014-07-04,1.087
2014-07-07,1.082
2014-07-08,1.088
2014-07-09,1.071
2014-07-10,1.073
2014-07-11,1.076
2014-07-14,1.083
2014-07-15,1.081
2014-07-16,1.07
2014-07-17,1.065
2014-07-18,1.065
2014-07-21,1.066
2014-07-22,1.077
2014-07-23,1.059
2014-07-24,1.051
2014-07-25,1.058
2014-07-28,1.073
2014-07-29,1.08
2014-07-30,1.089
2014-07-31,1.095
2014-08-01,1.099
2014-08-04,1.105
2014-08-05,1.11
2014-08-06,1.114
2014-08-07,1.104
2014-08-08,1.107
2014-08-11,1.123
2014-08-12,1.123
2014-08-13,1.117
2014-08-14,1.111
2014-08-15,1.12
2014-08-18,1.135
2014-08-19,1.134
2014-08-20,1.135
2014-08-21,1.134
2014-08-22,1.144
2014-08-25,1.139
2014-08-26,1.121
2014-08-27,1.12
2014-08-28,1.11
2014-08-29,1.12
2014-09-01,1.135
2014-09-02,1.145
2014-09-03,1.152
2014-09-04,1.157
2014-09-05,1.164
2014-09-09,1.171
2014-09-10,1.171
2014-09-11,1.168
2014-09-12,1.177
2014-09-15,1.185
2014-09-16,1.152
2014-09-17,1.16
2014-09-18,1.175
2014-09-19,1.184
2014-09-22,1.174
2014-09-23,1.183
2014-09-24,1.191
2014-09-25,1.188
2014-09-26,1.192
2014-09-29,1.201
2014-09-30,1.209
2014-10-08,1.238
2014-10-09,1.235
2014-10-10,1.237
2014-10-13,1.245
2014-10-14,1.239
2014-10-15,1.258
2014-10-16,1.248
2014-10-17,1.235
2014-10-20,1.248
2014-10-21,1.233
2014-10-22,1.214
2014-10-23,1.198
2014-10-24,1.202
2014-10-27,1.214
2014-10-28,1.233
2014-10-29,1.236
2014-10-30,1.242
2014-10-31,1.233
2014-11-03,1.231
2014-11-04,1.217
2014-11-05,1.216
2014-11-06,1.223
2014-11-07,1.212
2014-11-10,1.215
2014-11-11,1.185
2014-11-12,1.196
2014-11-13,1.18
2014-11-14,1.183
2014-11-17,1.198
2014-11-18,1.196
2014-11-19,1.203
2014-11-20,1.197
2014-11-21,1.202
2014-11-24,1.202
2014-11-25,1.215
2014-11-26,1.219
2014-11-27,1.226
2014-11-28,1.223
2014-12-01,1.22
2014-12-02,1.228
2014-12-03,1.236
2014-12-04,1.251
2014-12-05,1.228
2014-12-08,1.226
2014-12-09,1.19
2014-12-10,1.225
2014-12-11,1.234
2014-12-12,1.239
2014-12-15,1.264
2014-12-16,1.26
2014-12-17,1.239
2014-12-18,1.231
2014-12-19,1.214
2014-12-22,1.169
2014-12-23,1.159
2014-12-24,1.176
2014-12-25,1.183
2014-12-26,1.19
2014-12-29,1.168
2014-12-30,1.161
2014-12-31,1.167
2015-01-05,1.173
2015-01-06,1.209
2015-01-07,1.2
2015-01-08,1.201
2015-01-09,1.199
2015-01-12,1.197
2015-01-13,1.212
2015-01-14,1.21
2015-01-15,1.21
2015-01-16,1.221
2015-01-19,1.207
2015-01-20,1.248
2015-01-21,1.268
2015-01-22,1.283
2015-01-23,1.267
2015-01-26,1.287
2015-01-27,1.289
2015-01-28,1.288
2015-01-29,1.269
2015-01-30,1.26
2015-02-02,1.26
2015-02-03,1.274
2015-02-04,1.262
2015-02-05,1.256
2015-02-06,1.242
2015-02-09,1.233
2015-02-10,1.244
2015-02-11,1.261
2015-02-12,1.266
2015-02-13,1.288
2015-02-16,1.312
2015-02-17,1.314
2015-02-25,1.319
2015-02-26,1.317
2015-02-27,1.322
2015-03-02,1.344
2015-03-03,1.34
2015-03-04,1.386
2015-03-05,1.395
2015-03-06,1.361
2015-03-09,1.38
2015-03-10,1.401
2015-03-11,1.386
2015-03-12,1.381
2015-03-13,1.399
2015-03-16,1.447
2015-03-17,1.455
2015-03-18,1.477
2015-03-19,1.477
2015-03-20,1.492
2015-03-23,1.526
2015-03-24,1.537
2015-03-25,1.562
2015-03-26,1.542
2015-03-27,1.561
2015-03-30,1.574
2015-03-31,1.592
2015-04-01,1.634
2015-04-02,1.657
2015-04-03,1.676
2015-04-07,1.72
2015-04-08,1.7
2015-04-09,1.699
2015-04-10,1.761
2015-04-13,1.842
2015-04-14,1.853
2015-04-15,1.785
2015-04-16,1.815
2015-04-17,1.798
2015-04-20,1.733
2015-04-21,1.796
2015-04-22,1.836
2015-04-23,1.85
2015-04-24,1.848
2015-04-27,1.853
2015-04-28,1.795
2015-04-29,1.827
2015-04-30,1.834
2015-05-04,1.83
2015-05-05,1.78
2015-05-07,1.75
2015-05-08,1.817
2015-05-11,1.896
2015-05-12,1.93
2015-05-13,1.944
2015-05-14,1.945
2015-05-15,1.932
2015-05-18,1.99
2015-05-19,2.024
2015-05-20,2.055
2015-05-21,2.148
2015-05-22,2.155
2015-05-25,2.198
2015-05-26,2.26
2015-05-27,2.274
2015-05-28,2.151
2015-05-29,2.193
2015-06-01,2.318
2015-06-02,2.403
2015-06-03,2.406
2015-06-04,2.383
2015-06-05,2.403
2015-06-08,2.353
2015-06-09,2.335
2015-06-10,2.386
2015-06-11,2.439
2015-06-12,2.463
2015-06-15,2.392
2015-06-16,2.319
2015-06-17,2.356
2015-06-18,2.263
2015-06-19,2.126
2015-06-23,2.175
2015-06-24,2.213
2015-06-25,2.119
2015-06-26,1.937
2015-06-29,1.814
2015-06-30,1.928
2015-07-01,1.847
2015-07-02,1.746
2015-07-03,1.674
2015-07-06,1.647
2015-07-07,1.523
2015-07-08,1.473
2015-07-09,1.531
2015-07-10,1.6
2015-07-13,1.696
2015-07-14,1.746
2015-07-15,1.661
2015-07-16,1.701
2015-07-17,1.796
2015-07-20,1.814
2015-07-21,1.842
2015-07-22,1.854
2015-07-23,1.903
2015-07-24,1.857
2015-07-27,1.713
2015-07-28,1.691
2015-07-29,1.762
2015-07-30,1.693
2015-07-31,1.692
2015-08-03,1.657
2015-08-04,1.739
2015-08-05,1.727
2015-08-06,1.709
2015-08-07,1.754
2015-08-10,1.835
2015-08-11,1.832
2015-08-12,1.802
2015-08-13,1.829
2015-08-14,1.846
2015-08-17,1.872
2015-08-18,1.744
2015-08-19,1.783
2015-08-20,1.725
2015-08-21,1.637
2015-08-24,1.502
2015-08-25,1.389
2015-08-26,1.369
2015-08-27,1.429
2015-08-28,1.509
2015-08-31,1.462
2015-09-01,1.39
2015-09-02,1.39
2015-09-07,1.391
2015-09-08,1.453
2015-09-09,1.484
2015-09-10,1.466
2015-09-11,1.465
2015-09-14,1.378
2015-09-15,1.324
2015-09-16,1.417
2015-09-17,1.384
2015-09-18,1.395
2015-09-21,1.444
2015-09-22,1.454
2015-09-23,1.433
2015-09-24,1.455
2015-09-25,1.412
2015-09-28,1.444
2015-09-29,1.419
2015-09-30,1.42
2015-10-08,1.485
2015-10-09,1.496
2015-10-12,1.544
2015-10-13,1.552
2015-10-14,1.535
2015-10-15,1.57
2015-10-16,1.579
2015-10-19,1.569
2015-10-20,1.598
2015-10-21,1.54
2015-10-22,1.614
2015-10-23,1.675
2015-10-26,1.664
2015-10-27,1.678
2015-10-28,1.635
2015-10-29,1.646
2015-10-30,1.64
2015-11-02,1.612
2015-11-03,1.605
2015-11-04,1.679
2015-11-05,1.669
2015-11-06,1.696
2015-11-09,1.719
2015-11-10,1.719
2015-11-11,1.756
2015-11-12,1.767
2015-11-13,1.723
2015-11-16,1.747
2015-11-17,1.729
2015-11-18,1.705
2015-11-19,1.737
2015-11-20,1.744
2015-11-23,1.736
2015-11-24,1.749
2015-11-25,1.779
2015-11-26,1.759
2015-11-27,1.665
2015-11-30,1.668
2015-12-01,1.681
2015-12-02,1.678
2015-12-03,1.708
2015-12-04,1.698
2015-12-07,1.721
2015-12-08,1.685
2015-12-09,1.673
2015-12-10,1.678
2015-12-11,1.667
2015-12-14,1.692
2015-12-15,1.715
2015-12-16,1.72
2015-12-17,1.755
2015-12-18,1.765
2015-12-21,1.801
2015-12-22,1.802
2015-12-23,1.804
2015-12-24,1.796
2015-12-25,1.807
2015-12-28,1.768
2015-12-29,1.779
2015-12-30,1.791
2015-12-31,1.769
2016-01-04,1.631
2016-01-05,1.613
2016-01-06,1.641
2016-01-07,1.515
2016-01-08,1.54
2016-01-11,1.445
2016-01-12,1.455
2016-01-13,1.409
2016-01-14,1.46
2016-01-15,1.416
2016-01-18,1.438
2016-01-19,1.487
2016-01-20,1.471
2016-01-21,1.431
2016-01-22,1.441
2016-01-25,1.45
2016-01-26,1.35
2016-01-27,1.343
2016-01-28,1.297
2016-01-29,1.338
2016-02-01,1.325
2016-02-02,1.367
2016-02-03,1.368
2016-02-04,1.398
2016-02-05,1.39
2016-02-15,1.402
2016-02-16,1.449
2016-02-17,1.457
2016-02-18,1.449
2016-02-19,1.453
2016-02-22,1.474
2016-02-23,1.466
2016-02-24,1.465
2016-02-25,1.37
2016-02-26,1.376
2016-02-29,1.313
2016-03-01,1.335
2016-03-02,1.385
2016-03-03,1.385
2016-03-04,1.349
2016-03-07,1.368
2016-03-08,1.376
2016-03-09,1.361
2016-03-10,1.341
2016-03-11,1.339
2016-03-14,1.378
2016-03-15,1.374
2016-03-16,1.362
2016-03-17,1.4
2016-03-18,1.44
2016-03-21,1.467
2016-03-22,1.465
2016-03-23,1.468
2016-03-24,1.447
2016-03-25,1.456
2016-03-28,1.453
2016-03-29,1.423
2016-03-30,1.475
2016-03-31,1.476
2016-04-01,1.465
2016-04-05,1.498
2016-04-06,1.51
2016-04-07,1.491
2016-04-08,1.483
2016-04-11,1.527
2016-04-12,1.51
2016-04-13,1.523
2016-04-14,1.532
2016-04-15,1.525
2016-04-18,1.5
2016-04-19,1.503
2016-04-20,1.442
2016-04-21,1.43
2016-04-22,1.445
2016-04-25,1.439
2016-04-26,1.454
2016-04-27,1.45
2016-04-28,1.446
2016-04-29,1.447
2016-05-03,1.486
2016-05-04,1.489
2016-05-05,1.491
2016-05-06,1.444
2016-05-09,1.404
2016-05-10,1.405
2016-05-11,1.425
2016-05-12,1.421
2016-05-13,1.415
2016-05-16,1.435
2016-05-17,1.44
2016-05-18,1.406
2016-05-19,1.407
2016-05-20,1.419
2016-05-23,1.43
2016-05-24,1.417
2016-05-25,1.41
2016-05-26,1.413
2016-05-27,1.41
2016-05-30,1.402
2016-05-31,1.451
2016-06-01,1.452
2016-06-02,1.457
2016-06-03,1.475
2016-06-06,1.474
2016-06-07,1.472
2016-06-08,1.463
2016-06-13,1.405
2016-06-14,1.409
2016-06-15,1.439
2016-06-16,1.425
2016-06-17,1.447
2016-06-20,1.45
2016-06-21,1.438
2016-06-22,1.456
2016-06-23,1.453
2016-06-24,1.441
2016-06-27,1.47
2016-06-28,1.501
2016-06-29,1.499
2016-06-30,1.503
2016-07-01,1.496
2016-07-04,1.517
2016-07-05,1.518
2016-07-06,1.535
2016-07-07,1.551
2016-07-08,1.545
2016-07-11,1.544
2016-07-12,1.579
2016-07-13,1.581
2016-07-14,1.578
2016-07-15,1.576
2016-07-18,1.573
2016-07-20,1.572
2016-07-21,1.574
2016-07-22,1.562
2016-07-25,1.567
2016-07-26,1.592
2016-07-27,1.552
2016-07-28,1.562
2016-07-29,1.563
2016-08-01,1.535
2016-08-02,1.546
2016-08-03,1.549
2016-08-04,1.55
2016-08-05,1.543
2016-08-08,1.556
2016-08-09,1.568
2016-08-10,1.563
2016-08-11,1.545
2016-08-12,1.558
2016-08-15,1.587
2016-08-16,1.594
2016-08-17,1.593
2016-08-18,1.587
2016-08-19,1.591
2016-08-22,1.583
2016-08-23,1.593
2016-08-24,1.595
2016-08-25,1.589
2016-08-26,1.598
2016-08-29,1.603
2016-08-30,1.599
2016-08-31,1.601
2016-09-01,1.591
2016-09-02,1.585
2016-09-05,1.588
2016-09-06,1.605
2016-09-07,1.607
2016-09-08,1.613
2016-09-09,1.604
2016-09-12,1.569
2016-09-13,1.572
2016-09-14,1.568
2016-09-19,1.582
2016-09-20,1.579
2016-09-21,1.581
2016-09-22,1.589
2016-09-23,1.587
2016-09-26,1.56
2016-09-27,1.569
2016-09-28,1.567
2016-09-29,1.57
2016-09-30,1.578
2016-10-10,1.61
2016-10-11,1.613
2016-10-12,1.613
2016-10-13,1.612
2016-10-14,1.61
2016-10-17,1.6
2016-10-18,1.617
2016-10-19,1.612
2016-10-20,1.609
2016-10-21,1.602
2016-10-24,1.612
2016-10-25,1.61
2016-10-26,1.608
2016-10-27,1.603
2016-10-28,1.593
2016-10-31,1.592
2016-11-01,1.606
2016-11-02,1.6
2016-11-03,1.604
2016-11-04,1.6
2016-11-07,1.594
2016-11-08,1.601
2016-11-09,1.59
2016-11-10,1.606
2016-11-11,1.603
2016-11-14,1.604
2016-11-15,1.612
2016-11-16,1.612
2016-11-17,1.611
2016-11-18,1.607
2016-11-21,1.607
2016-11-22,1.608
2016-11-23,1.607
2016-11-24,1.607
2016-11-25,1.607
2016-11-28,1.607
2016-11-29,1.608
2016-11-30,1.609
2016-12-01,1.611
2016-12-02,1.598
2016-12-05,1.593
2016-12-06,1.593
2016-12-07,1.599
2016-12-08,1.593
2016-12-09,1.589
2016-12-12,1.55
2016-12-13,1.548
2016-12-14,1.54
2016-12-15,1.541
2016-12-16,1.551
2016-12-19,1.55
2016-12-20,1.551
2016-12-21,1.557
2016-12-22,1.556
2016-12-23,1.548
2016-12-26,1.551
2016-12-27,1.551
2016-12-28,1.549
2016-12-29,1.546
2016-12-30,1.549
2016-12-31,1.549
2017-01-03,1.555
2017-01-04,1.561
2017-01-05,1.559
2017-01-06,1.552
2017-01-09,1.556
2017-01-10,1.554
2017-01-11,1.548
2017-01-12,1.541
2017-01-13,1.532
2017-01-16,1.511
2017-01-17,1.516
2017-01-18,1.514
2017-01-19,1.512
2017-01-20,1.524
2017-01-23,1.528
2017-01-24,1.524
2017-01-25,1.53
2017-01-26,1.534
2017-02-03,1.532
2017-02-06,1.54
2017-02-07,1.539
2017-02-08,1.543
2017-02-09,1.547
2017-02-10,1.544
2017-02-13,1.549
2017-02-14,1.547
2017-02-15,1.541
2017-02-16,1.543
2017-02-17,1.536
2017-02-20,1.544
2017-02-21,1.55
2017-02-22,1.552
2017-02-23,1.564
2017-02-24,1.565
2017-02-27,1.558
2017-02-28,1.558
2017-03-01,1.559
2017-03-02,1.554
2017-03-03,1.556
2017-03-06,1.562
2017-03-07,1.566
2017-03-08,1.562
2017-03-09,1.555
2017-03-10,1.556
2017-03-13,1.563
2017-03-14,1.563
2017-03-15,1.563
2017-03-16,1.569
2017-03-17,1.563
2017-03-20,1.569
2017-03-21,1.574
2017-03-22,1.578
2017-03-23,1.578
2017-03-24,1.582
2017-03-27,1.575
2017-03-28,1.574
2017-03-29,1.565
2017-03-30,1.549
2017-03-31,1.556
2017-04-05,1.566
2017-04-06,1.565
2017-04-07,1.564
2017-04-10,1.555
2017-04-11,1.553
2017-04-12,1.551
2017-04-13,1.556
2017-04-14,1.548
2017-04-17,1.544
2017-04-18,1.544
2017-04-19,1.539
2017-04-20,1.55
2017-04-21,1.549
2017-04-24,1.535
2017-04-25,1.535
2017-04-26,1.536
2017-04-27,1.538
2017-04-28,1.536
2017-05-02,1.534
2017-05-03,1.532
2017-05-04,1.529
2017-05-05,1.521
2017-05-08,1.51
2017-05-09,1.512
2017-05-10,1.5
2017-05-11,1.497
2017-05-12,1.499
2017-05-15,1.505
2017-05-16,1.521
2017-05-17,1.52
2017-05-19,1.519
2017-05-22,1.513
2017-05-23,1.504
2017-05-24,1.508
2017-05-25,1.511
2017-05-26,1.511
2017-05-31,1.508
2017-06-01,1.502
2017-06-02,1.503
2017-06-05,1.504
2017-06-06,1.508
2017-06-07,1.522
2017-06-08,1.526
2017-06-09,1.527
2017-06-12,1.524
2017-06-13,1.531
2017-06-14,1.526
2017-06-15,1.532
2017-06-16,1.528
2017-06-19,1.533
2017-06-20,1.53
2017-06-21,1.537
2017-06-22,1.525
2017-06-23,1.528
2017-06-26,1.541
2017-06-27,1.545
2017-06-28,1.538
2017-06-29,1.544
2017-06-30,1.547
2017-07-03,1.551
2017-07-04,1.542
2017-07-05,1.546
2017-07-06,1.54
2017-07-07,1.537
2017-07-10,1.531
2017-07-11,1.527
2017-07-12,1.523
2017-07-13,1.528
2017-07-14,1.522
2017-07-17,1.491
2017-07-18,1.489
2017-07-19,1.498
2017-07-20,1.497
2017-07-21,1.495
2017-07-24,1.497
2017-07-25,1.4962
2017-07-26,1.4899
2017-07-27,1.499
2017-07-28,1.4984
2017-07-31,1.5039
2017-08-01,1.5039
2017-08-02,1.497
2017-08-03,1.4961
2017-08-04,1.4923
2017-08-07,1.5013
2017-08-08,1.5053
2017-08-09,1.5134
2017-08-10,1.5088
2017-08-11,1.5023
2017-08-14,1.5139
2017-08-15,1.5138
2017-08-16,1.5173
2017-08-17,1.5199
2017-08-18,1.5199
2017-08-21,1.5244
2017-08-22,1.5212
2017-08-23,1.5162
2017-08-24,1.51
2017-08-25,1.5161
2017-08-28,1.523
2017-08-29,1.5187
2017-08-30,1.5213
2017-08-31,1.5227
2017-09-01,1.5247
2017-09-04,1.5268
2017-09-05,1.5318
2017-09-06,1.5311
2017-09-07,1.5303
2017-09-08,1.5341
2017-09-11,1.5323
2017-09-12,1.5296
2017-09-13,1.5323
2017-09-14,1.5337
2017-09-15,1.5316
2017-09-18,1.5359
2017-09-19,1.5348
2017-09-20,1.5379
2017-09-21,1.5327
2017-09-22,1.5287
2017-09-25,1.5315
2017-09-26,1.5288
2017-09-27,1.5296
2017-09-28,1.5306
2017-09-29,1.5343
2017-10-09,1.5441
2017-10-10,1.5699
2017-10-11,1.5719
2017-10-12,1.5706
2017-10-13,1.5742
2017-10-16,1.5588
2017-10-17,1.5619
2017-10-18,1.5693
2017-10-19,1.5748
2017-10-20,1.5738
2017-10-23,1.5887
2017-10-24,1.5903
2017-10-25,1.5989
2017-10-26,1.5928
2017-10-27,1.5937
2017-10-30,1.5811
2017-10-31,1.5825
2017-11-01,1.5798
2017-11-02,1.5797
2017-11-03,1.5747
2017-11-06,1.5988
2017-11-07,1.6004
2017-11-08,1.5936
2017-11-09,1.5997
2017-11-10,1.6033
2017-11-13,1.6089
2017-11-14,1.5978
2017-11-15,1.595
2017-11-16,1.6077
2017-11-17,1.5836
2017-11-20,1.5914
2017-11-21,1.5924
2017-11-22,1.586
2017-11-23,1.5578
2017-11-24,1.557
2017-11-27,1.5458
2017-11-28,1.555
2017-11-29,1.5481
2017-11-30,1.5452
2017-12-01,1.5531
2017-12-04,1.5478
2017-12-05,1.5353
2017-12-06,1.5409
2017-12-07,1.5387
2017-12-08,1.5457
2017-12-11,1.5629
2017-12-12,1.5574
2017-12-13,1.5623
2017-12-14,1.5619
2017-12-15,1.5564
2017-12-18,1.5491
2017-12-19,1.5569
2017-12-20,1.553
2017-12-21,1.5599
2017-12-22,1.561
2017-12-25,1.5582
2017-12-26,1.5581
2017-12-27,1.5459
2017-12-28,1.5467
2017-12-29,1.5568
2017-12-31,1.5568
2018-01-02,1.5623
2018-01-03,1.5681
2018-01-04,1.5705
2018-01-05,1.5715
2018-01-08,1.571
2018-01-09,1.5806
2018-01-10,1.5729
2018-01-11,1.5742
2018-01-12,1.5741
2018-01-15,1.5618
2018-01-16,1.5669
2018-01-17,1.5633
2018-01-18,1.5624
2018-01-19,1.5577
2018-01-22,1.5682
2018-01-23,1.5661
2018-01-24,1.5739
2018-01-25,1.5686
2018-01-26,1.5676
2018-01-29,1.5509
2018-01-30,1.5512
2018-01-31,1.5393
2018-02-01,1.5143
2018-02-02,1.5128
2018-02-05,1.5034
2018-02-06,1.4665
2018-02-07,1.4635
2018-02-08,1.4757
2018-02-09,1.4515
2018-02-12,1.4738
2018-02-13,1.4801
2018-02-14,1.4834
2018-02-22,1.4977
2018-02-23,1.4977
2018-02-26,1.5149
2018-02-27,1.5142
2018-02-28,1.5142
2018-03-01,1.5254
2018-03-02,1.5229
2018-03-05,1.5316
2018-03-06,1.5486
2018-03-07,1.5433
2018-03-08,1.5626
2018-03-09,1.5703
2018-03-12,1.578
2018-03-13,1.5651
2018-03-14,1.5582
2018-03-15,1.5567
2018-03-16,1.5569
2018-03-19,1.572
2018-03-20,1.5974
2018-03-21,1.5855
2018-03-22,1.5771
2018-03-23,1.5441
2018-03-26,1.5712
2018-03-27,1.5901
2018-03-28,1.5848
2018-03-29,1.5813
2018-03-30,1.6069
2018-04-02,1.6057
2018-04-03,1.6046
2018-04-04,1.6017
2018-04-09,1.6046
2018-04-10,1.6108
2018-04-11,1.6103
2018-04-12,1.6153
2018-04-13,1.6005
2018-04-16,1.6017
2018-04-17,1.5783
2018-04-18,1.587
2018-04-19,1.5903
2018-04-20,1.5776
2018-04-23,1.5668
2018-04-24,1.5901
2018-04-25,1.612
2018-04-26,1.5976
2018-04-27,1.6182
2018-05-02,1.6299
2018-05-03,1.6258
2018-05-04,1.641
2018-05-07,1.662
2018-05-08,1.658
2018-05-09,1.6586
2018-05-10,1.6778
2018-05-11,1.6522
2018-05-14,1.65
2018-05-15,1.6696
2018-05-16,1.6797
2018-05-17,1.6655
2018-05-18,1.6634
2018-05-21,1.6687
2018-05-22,1.689
2018-05-23,1.682
2018-05-24,1.6886
2018-05-25,1.69
2018-05-28,1.695
2018-05-29,1.6638
2018-05-30,1.6432
2018-05-31,1.6695
2018-06-01,1.6376
2018-06-04,1.6346
2018-06-05,1.6622
2018-06-06,1.6685
2018-06-07,1.6568
2018-06-08,1.6515
2018-06-11,1.6282
2018-06-12,1.6435
2018-06-13,1.6254
2018-06-14,1.6205
2018-06-15,1.6024
2018-06-19,1.5572
2018-06-20,1.5771
2018-06-21,1.571
2018-06-22,1.5818
2018-06-25,1.5782
2018-06-26,1.5794
2018-06-27,1.5583
2018-06-28,1.5466
2018-06-29,1.5796
2018-06-30,1.5796
2018-07-02,1.5768
2018-07-03,1.5744
2018-07-04,1.5583
2018-07-05,1.5315
2018-07-06,1.5316
2018-07-09,1.5626
2018-07-10,1.5706
2018-07-11,1.5622
2018-07-12,1.5881
2018-07-13,1.6045
2018-07-16,1.604
2018-07-17,1.5925
2018-07-18,1.5855
2018-07-19,1.5677
2018-07-20,1.5709
2018-07-23,1.5265
2018-07-24,1.5416
2018-07-25,1.5504
2018-07-26,1.5423
2018-07-27,1.5363
2018-07-30,1.5094
2018-07-31,1.5116
2018-08-01,1.4956
2018-08-02,1.4903
2018-08-03,1.47
2018-08-06,1.4416
2018-08-07,1.4574
2018-08-08,1.4367
2018-08-09,1.4599
2018-08-10,1.4729
2018-08-13,1.4803
2018-08-14,1.4772
2018-08-15,1.4521
2018-08-16,1.447
2018-08-17,1.4246
2018-08-20,1.4182
2018-08-21,1.4411
2018-08-22,1.4343
2018-08-23,1.4416
2018-08-24,1.4434
2018-08-27,1.4678
2018-08-28,1.4654
2018-08-29,1.4615
2018-08-30,1.4498
2018-08-31,1.4357
2018-09-03,1.4375
2018-09-04,1.4438
2018-09-05,1.4307
2018-09-06,1.4238
2018-09-07,1.4312
2018-09-10,1.4192
2018-09-11,1.4208
2018-09-12,1.409
2018-09-13,1.4001
2018-09-14,1.3896
2018-09-17,1.3722
2018-09-18,1.3858
2018-09-19,1.3961
2018-09-20,1.393
2018-09-21,1.4081
2018-09-25,1.4079
2018-09-26,1.4158
2018-09-27,1.4161
2018-09-28,1.4242
2018-10-08,1.3945
2018-10-09,1.39
2018-10-10,1.3848
2018-10-11,1.3435
2018-10-12,1.3466
2018-10-15,1.3364
2018-10-16,1.3171
2018-10-17,1.3162
2018-10-18,1.2944
2018-10-19,1.3135
2018-10-22,1.3491
2018-10-23,1.3366
2018-10-24,1.3308
2018-10-25,1.3252
2018-10-26,1.3218
2018-10-29,1.3089
2018-10-30,1.3169
2018-10-31,1.3335
2018-11-01,1.3386
2018-11-02,1.3671
2018-11-05,1.3655
2018-11-06,1.3667
2018-11-07,1.3656
2018-11-08,1.3634
2018-11-09,1.3589
2018-11-12,1.3766
2018-11-13,1.3894
2018-11-14,1.3863
2018-11-15,1.3944
2018-11-16,1.393
2018-11-19,1.3915
2018-11-20,1.3736
2018-11-21,1.3836
2018-11-22,1.389
2018-11-23,1.3673
2018-11-26,1.3652
2018-11-27,1.3668
2018-11-28,1.3723
2018-11-29,1.3618
2018-11-30,1.369
2018-12-03,1.3914
2018-12-04,1.4003
2018-12-05,1.4043
2018-12-06,1.3801
2018-12-07,1.3576
2018-12-10,1.347
2018-12-11,1.3522
2018-12-12,1.3494
2018-12-13,1.357
2018-12-14,1.3375
2018-12-17,1.3296
2018-12-18,1.3254
2018-12-19,1.3086
2018-12-20,1.3066
2018-12-21,1.2988
2018-12-24,1.3099
2018-12-25,1.3085
2018-12-26,1.306
2018-12-27,1.299
2018-12-28,1.3008
2018-12-31,1.3007
2019-01-02,1.2821
2019-01-03,1.2745
2019-01-04,1.2872
2019-01-07,1.2908
2019-01-08,1.2889
2019-01-09,1.2915
2019-01-10,1.287
2019-01-11,1.2869
2019-01-14,1.2782
2019-01-15,1.2897
2019-01-16,1.2968
2019-01-17,1.2921
2019-01-18,1.3063
2019-01-21,1.3097
2019-01-22,1.2988
2019-01-23,1.2946
2019-01-24,1.2969
2019-01-25,1.2954
2019-01-28,1.2899
2019-01-29,1.2849
2019-01-30,1.2781
2019-01-31,1.2773
2019-02-01,1.2968
2019-02-11,1.3111
2019-02-12,1.327
2019-02-13,1.3345
2019-02-14,1.3381
2019-02-15,1.3322
2019-02-18,1.3569
2019-02-19,1.3506
2019-02-20,1.3449
2019-02-21,1.3421
2019-02-22,1.3521
2019-02-25,1.3853
2019-02-26,1.3959
2019-02-27,1.3863
2019-02-28,1.4029
2019-03-01,1.4042
2019-03-04,1.4202
2019-03-05,1.4328
2019-03-06,1.4422
2019-03-07,1.4423
2019-03-08,1.419
2019-03-11,1.4546
2019-03-12,1.466
2019-03-13,1.4585
2019-03-14,1.4439
2019-03-15,1.4546
2019-03-18,1.4849
2019-03-19,1.4798
2019-03-20,1.4771
2019-03-21,1.4838
2019-03-22,1.4894
2019-03-25,1.4756
2019-03-26,1.4555
2019-03-27,1.4796
2019-03-28,1.4654
2019-03-29,1.49
2019-04-01,1.5124
2019-04-02,1.5107
2019-04-03,1.5147
2019-04-04,1.5158
2019-04-08,1.5146
2019-04-09,1.5263
2019-04-10,1.5421
2019-04-11,1.5177
2019-04-12,1.5009
2019-04-15,1.4896
2019-04-16,1.5036
2019-04-17,1.5067
2019-04-18,1.5005
2019-04-19,1.5038
2019-04-22,1.4906
2019-04-23,1.4826
2019-04-24,1.49
2019-04-25,1.4704
2019-04-26,1.4618
2019-04-29,1.4598
2019-04-30,1.4659
2019-05-06,1.4133
2019-05-07,1.4276
2019-05-08,1.4252
2019-05-09,1.4062
2019-05-10,1.4298
2019-05-13,1.426
2019-05-14,1.4184
2019-05-15,1.4362
2019-05-16,1.4443
2019-05-17,1.4216
2019-05-20,1.4131
2019-05-21,1.4263
2019-05-22,1.4225
2019-05-23,1.4054
2019-05-24,1.4021
2019-05-27,1.4148
2019-05-28,1.4169
2019-05-29,1.4129
2019-05-30,1.4054
2019-05-31,1.4054
2019-06-03,1.3962
2019-06-04,1.385
2019-06-05,1.3678
2019-06-06,1.3545
2019-06-10,1.3602
2019-06-11,1.3862
2019-06-12,1.382
2019-06-13,1.385
2019-06-14,1.3762
2019-06-17,1.3818
2019-06-18,1.3848
2019-06-19,1.394
2019-06-20,1.408
2019-06-21,1.4145
2019-06-25,1.4082
2019-06-26,1.4203
2019-06-27,1.4288
2019-06-28,1.4217
2019-06-30,1.4216
2019-07-01,1.444
2019-07-02,1.4541
2019-07-03,1.4443
2019-07-04,1.4368
2019-07-05,1.4452
2019-07-08,1.4239
2019-07-09,1.4243
2019-07-10,1.4243
2019-07-11,1.4292
2019-07-12,1.4348
2019-07-15,1.4365
2019-07-16,1.4366
2019-07-17,1.4326
2019-07-18,1.4184
2019-07-19,1.4191
2019-07-22,1.4079
2019-07-23,1.415
2019-07-24,1.4206
2019-07-25,1.4221
2019-07-26,1.4266
2019-07-29,1.4209
2019-07-30,1.4273
2019-07-31,1.4241
2019-08-01,1.4173
2019-08-02,1.4127
2019-08-05,1.3992
2019-08-06,1.3891
2019-08-07,1.3927
2019-08-08,1.4041
2019-08-09,1.4023
2019-08-12,1.414
2019-08-13,1.4158
2019-08-14,1.4281
2019-08-15,1.4374
2019-08-16,1.4441
2019-08-19,1.4626
2019-08-20,1.4634
2019-08-21,1.4561
2019-08-22,1.4603
2019-08-23,1.4749
2019-08-26,1.48
2019-08-27,1.4907
2019-08-28,1.4779
2019-08-29,1.4766
2019-08-30,1.471
2019-09-02,1.4896
2019-09-03,1.4856
2019-09-04,1.4858
2019-09-05,1.4863
2019-09-06,1.4925
2019-09-09,1.4981
2019-09-10,1.5082
2019-09-11,1.4934
2019-09-12,1.4951
2019-09-16,1.4961
2019-09-17,1.4832
2019-09-18,1.4904
2019-09-19,1.4981
2019-09-20,1.5028
2019-09-23,1.4901
2019-09-24,1.4984
2019-09-25,1.486
2019-09-26,1.4715
2019-09-27,1.4758
2019-09-30,1.4733
2019-10-08,1.4796
2019-10-09,1.4801
2019-10-10,1.5018
2019-10-11,1.5048
2019-10-14,1.5118
2019-10-15,1.505
2019-10-16,1.5101
2019-10-17,1.5097
2019-10-18,1.5081
2019-10-21,1.4935
2019-10-22,1.5071
2019-10-23,1.4909
2019-10-24,1.484
2019-10-25,1.4896
2019-10-28,1.4999
2019-10-29,1.5021
2019-10-30,1.4938
2019-10-31,1.4994
2019-11-01,1.51
2019-11-04,1.5256
2019-11-05,1.5267
2019-11-06,1.522
2019-11-07,1.5328
2019-11-08,1.5287
2019-11-11,1.5074
2019-11-12,1.5112
2019-11-13,1.5166
2019-11-14,1.5261
2019-11-15,1.5202
2019-11-18,1.5244
2019-11-19,1.5423
2019-11-20,1.5439
2019-11-21,1.537
2019-11-22,1.5062
2019-11-25,1.4958
2019-11-26,1.4977
2019-11-27,1.4916
2019-11-28,1.4951
2019-11-29,1.4821
2019-12-02,1.473
2019-12-03,1.4708
2019-12-04,1.4744
2019-12-05,1.4859
2019-12-06,1.4901
2019-12-09,1.4791
2019-12-10,1.4863
2019-12-11,1.4825
2019-12-12,1.4814
2019-12-13,1.4937
2019-12-16,1.5
2019-12-17,1.5083
2019-12-18,1.5011
2019-12-19,1.5045
2019-12-20,1.4954
2019-12-23,1.4867
2019-12-24,1.4908
2019-12-25,1.4913
2019-12-26,1.4965
2019-12-27,1.4911
2019-12-30,1.494
2019-12-31,1.5137
2020-01-02,1.5168
2020-01-03,1.5146
2020-01-06,1.5132
2020-01-07,1.5269
2020-01-08,1.5154
2020-01-09,1.5383
2020-01-10,1.5431
2020-01-13,1.5517
2020-01-14,1.549
2020-01-15,1.552
2020-01-16,1.5525
2020-01-17,1.5569
2020-01-20,1.5785
2020-01-21,1.601
2020-01-22,1.5863
2020-01-23,1.5738
2020-02-03,1.5498
2020-02-04,1.5829
2020-02-05,1.6265
2020-02-06,1.6624
2020-02-07,1.6446
2020-02-10,1.6239
2020-02-11,1.6197
2020-02-12,1.6253
2020-02-13,1.6082
2020-02-14,1.6077
2020-02-17,1.6291
2020-02-18,1.6329
2020-02-19,1.6069
2020-02-20,1.6119
2020-02-21,1.6227
2020-02-24,1.6348
2020-02-25,1.6484
2020-02-26,1.6182
2020-02-27,1.6244
2020-02-28,1.6008
2020-03-02,1.6235
2020-03-03,1.6427
2020-03-04,1.6359
2020-03-05,1.652
2020-03-06,1.6589
2020-03-09,1.6456
2020-03-10,1.6394
2020-03-11,1.6266
2020-03-12,1.5995
2020-03-13,1.578
2020-03-16,1.556
2020-03-17,1.5505
2020-03-18,1.5423
2020-03-19,1.5325
2020-03-20,1.5593
2020-03-23,1.5436
2020-03-24,1.5583
2020-03-25,1.5911
2020-03-26,1.6114
2020-03-27,1.6042
2020-03-30,1.5907
2020-03-31,1.5963
2020-04-01,1.5817
2020-04-02,1.5934
2020-04-03,1.6041
2020-04-07,1.6311
2020-04-08,1.6347
2020-04-09,1.6624
2020-04-10,1.6463
2020-04-13,1.6573
2020-04-14,1.6782
2020-04-15,1.6866
2020-04-16,1.7028
2020-04-17,1.6868
2020-04-20,1.707
2020-04-21,1.6969
2020-04-22,1.7057
2020-04-23,1.714
2020-04-24,1.6822
2020-04-27,1.6881
2020-04-28,1.684
2020-04-29,1.6714
2020-04-30,1.6623
2020-05-06,1.6853
2020-05-07,1.691
2020-05-08,1.696
2020-05-11,1.6892
2020-05-12,1.7045
2020-05-13,1.7205
2020-05-14,1.7044
2020-05-15,1.6996
2020-05-18,1.7112
2020-05-19,1.7187
2020-05-20,1.7037
2020-05-21,1.7114
2020-05-22,1.6832
2020-05-25,1.6973
2020-05-26,1.7252
2020-05-27,1.704
2020-05-28,1.6936
2020-05-29,1.7188
2020-06-01,1.7416
2020-06-02,1.7244
2020-06-03,1.7348
2020-06-04,1.7431
2020-06-05,1.7491
2020-06-08,1.741
2020-06-09,1.7642
2020-06-10,1.7841
2020-06-11,1.7743
2020-06-12,1.7913
2020-06-15,1.8098
2020-06-16,1.8268
2020-06-17,1.8538
2020-06-18,1.8253
2020-06-19,1.8469
2020-06-22,1.8472
2020-06-23,1.8686
2020-06-24,1.8609
2020-06-29,1.875
2020-06-30,1.9026
2020-07-01,1.8822
2020-07-02,1.8749
2020-07-03,1.8918
2020-07-06,1.8957
2020-07-07,1.9162
2020-07-08,1.9215
2020-07-09,1.9662
2020-07-10,1.9807
2020-07-13,2.0321
2020-07-14,2.0199
2020-07-15,2.029
2020-07-16,1.9508
2020-07-17,1.971
2020-07-20,1.9661
2020-07-21,2.0062
2020-07-22,2.0284
2020-07-23,2.0589
2020-07-24,1.9739
2020-07-27,1.9843
2020-07-28,1.9928
2020-07-29,2.0406
2020-07-30,2.0452
2020-07-31,2.0624
2020-08-03,2.0918
2020-08-04,2.0817
2020-08-05,2.1023
2020-08-06,2.0802
2020-08-07,2.0589
2020-08-10,2.0654
2020-08-11,2.0351
2020-08-12,1.9962
2020-08-13,1.9819
2020-08-14,1.9939
2020-08-17,2.0079
2020-08-18,2.0302
2020-08-19,1.9989
2020-08-20,1.9898
2020-08-21,2.003
2020-08-24,2.0118
2020-08-25,2.0138
2020-08-26,2.0057
2020-08-27,2.0188
2020-08-28,2.0627
2020-08-31,2.0547
2020-09-01,2.0586
2020-09-02,2.0626
2020-09-03,2.0599
2020-09-04,2.0363
2020-09-07,1.9885
2020-09-08,1.9888
2020-09-09,1.9337
2020-09-10,1.921
2020-09-11,1.9447
2020-09-14,1.9382
2020-09-15,1.9522
2020-09-16,1.9337
2020-09-17,1.9196
2020-09-18,1.9357
2020-09-21,1.9273
2020-09-22,1.9246
2020-09-23,1.954
2020-09-24,1.9323
2020-09-25,1.9343
2020-09-28,1.9125
2020-09-29,1.9239
2020-09-30,1.9312
2020-10-09,1.9596
2020-10-12,1.995
2020-10-13,2.0107
2020-10-14,2.0047
2020-10-15,1.9894
2020-10-16,1.9953
2020-10-19,1.9616
2020-10-20,1.9724
2020-10-21,1.9673
2020-10-22,1.9512
2020-10-23,1.9144
2020-10-26,1.9218
2020-10-27,1.9484
2020-10-28,1.9483
2020-10-29,1.9698
2020-10-30,1.9423
2020-11-02,1.9321
2020-11-03,1.9503
2020-11-04,1.9487
2020-11-05,1.9532
2020-11-06,1.9245
2020-11-09,1.9455
2020-11-10,1.9288
2020-11-11,1.902
2020-11-12,1.9097
2020-11-13,1.9083
2020-11-16,1.9183
2020-11-17,1.8921
2020-11-18,1.8768
2020-11-19,1.8853
2020-11-20,1.8936
2020-11-23,1.8892
2020-11-24,1.8792
2020-11-25,1.8543
2020-11-26,1.8525
2020-11-27,1.8566
2020-11-30,1.8572
2020-12-01,1.8847
2020-12-02,1.8864
2020-12-03,1.9094
2020-12-04,1.9248
2020-12-07,1.9183
2020-12-08,1.917
2020-12-09,1.8991
2020-12-10,1.909
2020-12-11,1.891
2020-12-14,1.9013
2020-12-15,1.9165
2020-12-16,1.9135
2020-12-17,1.9312
2020-12-18,1.914
2020-12-21,1.929
2020-12-22,1.9243
2020-12-23,1.9135
2020-12-24,1.8987
2020-12-25,1.9107
2020-12-28,1.8995
2020-12-29,1.8921
2020-12-30,1.9006
2020-12-31,1.9153
2021-01-04,1.9175
2021-01-05,1.9433
2021-01-06,1.9602
2021-01-07,1.9492
2021-01-08,1.9561
2021-01-11,1.9481
2021-01-12,1.968
2021-01-13,1.9531
2021-01-14,1.9476
2021-01-15,1.9407
2021-01-18,1.9515
2021-01-19,1.9363
2021-01-20,1.9706
2021-01-21,2.0002
2021-01-22,2.0497
2021-01-25,2.051
2021-01-26,2.0119
2021-01-27,2.0042
2021-01-28,1.9642
2021-01-29,1.9521
2021-02-01,1.9712
2021-02-02,1.9799
2021-02-03,1.9825
2021-02-04,1.9575
2021-02-05,1.9722
2021-02-08,1.9947
2021-02-09,2.0188
2021-02-10,2.0515
2021-02-18,2.0169
2021-02-19,2.0252
2021-02-22,1.9901
2021-02-23,1.9909
2021-02-24,1.957
2021-02-25,1.9514
2021-02-26,1.9333
2021-03-01,1.9554
2021-03-02,1.9368
2021-03-03,1.9487
2021-03-04,1.9065
2021-03-05,1.9125
2021-03-08,1.867
2021-03-09,1.83
2021-03-10,1.8342
2021-03-11,1.8587
2021-03-12,1.8586
2021-03-15,1.8269
2021-03-16,1.8434
2021-03-17,1.8591
2021-03-18,1.8793
2021-03-19,1.8697
2021-03-22,1.8806
2021-03-23,1.8718
2021-03-24,1.865
2021-03-25,1.8725
2021-03-26,1.899
2021-03-29,1.8958
2021-03-30,1.9084
2021-03-31,1.9041
2021-04-01,1.9237
2021-04-02,1.9291
2021-04-06,1.9229
2021-04-07,1.9148
2021-04-08,1.9299
2021-04-09,1.9182
2021-04-12,1.8857
2021-04-13,1.8932
2021-04-14,1.9031
2021-04-15,1.9026
2021-04-16,1.9046
2021-04-19,1.9255
2021-04-20,1.9303
2021-04-21,1.953
2021-04-22,1.9571
2021-04-23,1.974
2021-04-26,1.9719
2021-04-27,1.9972
2021-04-28,2.0045
2021-04-29,2.001
2021-04-30,2.0216
2021-05-06,1.9825
2021-05-07,1.9439
2021-05-10,1.9537
2021-05-11,1.9712
2021-05-12,1.994
2021-05-13,2.0073
2021-05-14,2.0301
2021-05-17,2.0529
2021-05-18,2.0456
2021-05-19,2.0374
2021-05-20,2.0525
2021-05-21,2.0358
2021-05-24,2.0294
2021-05-25,2.0576
2021-05-26,2.0653
2021-05-27,2.0736
2021-05-28,2.0469
2021-05-31,2.0724
2021-06-01,2.0852
2021-06-02,2.0596
2021-06-03,2.0428
2021-06-04,2.0527
2021-06-07,2.0626
2021-06-08,2.0424
2021-06-09,2.0403
2021-06-10,2.0485
2021-06-11,2.0365
2021-06-15,2.0161
2021-06-16,1.9866
2021-06-17,1.9955
2021-06-18,2.0066
2021-06-21,2.0251
2021-06-22,2.0388
2021-06-23,2.0411
2021-06-24,2.0236
2021-06-25,2.0481
2021-06-28,2.0701
2021-06-29,2.0615
2021-06-30,2.0673
2021-07-01,2.0789
2021-07-02,2.035
2021-07-05,2.0319
2021-07-06,1.9952
2021-07-07,2.0122
2021-07-08,1.9869
2021-07-09,1.9893
2021-07-12,2.0141
2021-07-13,2.0216
2021-07-14,2.0309
2021-07-15,2.0268
2021-07-16,2.0098
2021-07-19,2.0224
2021-07-20,2.0295
2021-07-21,2.0404
2021-07-22,2.0154
2021-07-23,1.9843
2021-07-26,1.933
2021-07-27,1.9046
2021-07-28,1.9283
2021-07-29,1.9472
2021-07-30,1.9427
2021-08-02,1.9624
2021-08-03,2.0108
2021-08-04,2.0072
2021-08-05,1.9956
2021-08-06,1.9566
2021-08-09,1.9771
2021-08-10,1.9853
2021-08-11,1.9694
2021-08-12,1.9578
2021-08-13,1.9597
2021-08-16,1.9655
2021-08-17,1.9274
2021-08-18,1.9342
2021-08-19,1.9401
2021-08-20,1.8872
2021-08-23,1.8964
2021-08-24,1.9119
2021-08-25,1.9216
2021-08-26,1.8853
2021-08-27,1.8758
2021-08-30,1.8666
2021-08-31,1.8576
2021-09-01,1.8685
2021-09-02,1.8492
2021-09-03,1.8577
2021-09-06,1.8994
2021-09-07,1.8988
2021-09-08,1.8938
2021-09-09,1.8938
2021-09-10,1.884
2021-09-13,1.884
2021-09-14,1.889
2021-09-15,1.8779
2021-09-16,1.8754
2021-09-17,1.9079
2021-09-22,1.9058
2021-09-23,1.9071
2021-09-24,1.9121
2021-09-27,1.9185
2021-09-28,1.9121
2021-09-29,1.8921
2021-09-30,1.9044
2021-10-08,1.9192
2021-10-11,1.9139
2021-10-12,1.9141
2021-10-13,1.9346
2021-10-14,1.9226
2021-10-15,1.9127
2021-10-18,1.8885
2021-10-19,1.9061
2021-10-20,1.8955
2021-10-21,1.8902
2021-10-22,1.8907
2021-10-25,1.8907
2021-10-26,1.8821
2021-10-27,1.8604
2021-10-28,1.8494
2021-10-29,1.866
2021-11-01,1.8671
2021-11-02,1.8557
2021-11-03,1.869
2021-11-04,1.8765
2021-11-05,1.8728
2021-11-08,1.8546
2021-11-09,1.8655
2021-11-10,1.8846
2021-11-11,1.887
2021-11-12,1.8902
2021-11-15,1.9043
2021-11-16,1.9216
2021-11-17,1.9237
2021-11-18,1.9033
2021-11-19,1.9092
2021-11-22,1.9002
2021-11-23,1.9005
2021-11-24,1.9089
2021-11-25,1.9247
2021-11-26,1.9229
2021-11-29,1.924
2021-11-30,1.9252
2021-12-01,1.9127
2021-12-02,1.9013
2021-12-03,1.9028
2021-12-06,1.8871
2021-12-07,1.8893
2021-12-08,1.904
2021-12-09,1.9257
2021-12-10,1.9149
2021-12-13,1.9133
2021-12-14,1.9193
2021-12-15,1.8951
2021-12-16,1.8954
2021-12-17,1.8848
2021-12-20,1.8801
2021-12-21,1.8876
2021-12-22,1.8975
2021-12-23,1.8884
2021-12-24,1.8986
2021-12-27,1.9137
2021-12-28,1.9164
2021-12-29,1.9109
2021-12-30,1.9201
2021-12-31,1.9413
2022-01-04,1.9363
2022-01-05,1.9118
2022-01-06,1.917
2022-01-07,1.9157
2022-01-10,1.9363
2022-01-11,1.9357
2022-01-12,1.9487
2022-01-13,1.9209
2022-01-14,1.9551
2022-01-17,1.956
2022-01-18,1.9268
2022-01-19,1.9044
2022-01-20,1.8875
2022-01-21,1.8469
2022-01-24,1.8394
2022-01-25,1.8039
2022-01-26,1.7898
2022-01-27,1.7672
2022-01-28,1.7623
2022-02-07,1.7732
2022-02-08,1.771
2022-02-09,1.7886
2022-02-10,1.781
2022-02-11,1.7416
2022-02-14,1.7431
2022-02-15,1.7764
2022-02-16,1.7766
2022-02-17,1.7693
2022-02-18,1.7813
2022-02-21,1.7885
2022-02-22,1.7626
2022-02-23,1.7819
2022-02-24,1.761
2022-02-25,1.7932
2022-02-28,1.7992
2022-03-01,1.7945
2022-03-02,1.7948
2022-03-03,1.793
2022-03-04,1.7979
2022-03-07,1.7661
2022-03-08,1.7161
2022-03-09,1.6869
2022-03-10,1.7298
2022-03-11,1.775
2022-03-14,1.7617
2022-03-15,1.7015
2022-03-16,1.7127
2022-03-17,1.7455
2022-03-18,1.7577
2022-03-21,1.7782
2022-03-22,1.7516
2022-03-23,1.7662
2022-03-24,1.7834
2022-03-25,1.7528
2022-03-28,1.7434
2022-03-29,1.7521
2022-03-30,1.7703
2022-03-31,1.7678
2022-04-01,1.7552
2022-04-06,1.756
2022-04-07,1.7342
2022-04-08,1.7128
2022-04-11,1.6903
2022-04-12,1.7091
2022-04-13,1.6762
2022-04-14,1.6918
2022-04-15,1.6899
2022-04-18,1.6876
2022-04-19,1.6723
2022-04-20,1.6557
2022-04-21,1.6302
2022-04-22,1.617
2022-04-25,1.5636
2022-04-26,1.5615
2022-04-27,1.5843
2022-04-28,1.5745
2022-04-29,1.6081
2022-05-05,1.6298
2022-05-06,1.6219
2022-05-09,1.6286
2022-05-10,1.6362
2022-05-11,1.6515
2022-05-12,1.6645
2022-05-13,1.6722
2022-05-16,1.6534
2022-05-17,1.6418
2022-05-18,1.6314
2022-05-19,1.6326
2022-05-20,1.6567
2022-05-23,1.6638
2022-05-24,1.6185
2022-05-25,1.6314
2022-05-26,1.6308
2022-05-27,1.6304
2022-05-30,1.6368
2022-05-31,1.6583
2022-06-01,1.652
2022-06-02,1.6481
2022-06-06,1.6679
2022-06-07,1.6821
2022-06-08,1.6905
2022-06-09,1.6662
2022-06-10,1.6813
2022-06-13,1.6742
2022-06-14,1.6731
2022-06-15,1.6807
2022-06-16,1.6965
2022-06-17,1.7176
2022-06-20,1.7304
2022-06-21,1.7234
2022-06-22,1.7115
2022-06-23,1.7162
2022-06-24,1.7346
2022-06-27,1.746
2022-06-28,1.7444
2022-06-29,1.7412
2022-06-30,1.7614
2022-07-01,1.7513
2022-07-04,1.7976
2022-07-05,1.7907
2022-07-06,1.7773
2022-07-07,1.7579
2022-07-08,1.7649
2022-07-11,1.7595
2022-07-12,1.7243
2022-07-13,1.7193
2022-07-14,1.7373
2022-07-15,1.7155
2022-07-18,1.716
2022-07-19,1.7119
2022-07-20,1.7313
2022-07-21,1.7282
2022-07-22,1.7082
2022-07-25,1.7097
2022-07-26,1.7039
2022-07-27,1.7023
2022-07-28,1.7002
2022-07-29,1.6738
2022-08-01,1.6784
2022-08-02,1.648
2022-08-03,1.6486
2022-08-04,1.6661
2022-08-05,1.6929
2022-08-08,1.6897
2022-08-09,1.6824
2022-08-10,1.6696
2022-08-11,1.6973
2022-08-12,1.6973
2022-08-15,1.6849
2022-08-16,1.6804
2022-08-17,1.6874
2022-08-18,1.6747
2022-08-19,1.6688
2022-08-22,1.6732
2022-08-23,1.6617
2022-08-24,1.6443
2022-08-25,1.6517
2022-08-26,1.6553
2022-08-29,1.6524
2022-08-30,1.6529
2022-08-31,1.6547
2022-09-01,1.6557
2022-09-02,1.651
2022-09-05,1.6427
2022-09-06,1.6433
2022-09-07,1.6374
2022-09-08,1.6325
2022-09-09,1.6489
2022-09-13,1.64
2022-09-14,1.6358
2022-09-15,1.6246
2022-09-16,1.5963
2022-09-19,1.5838
2022-09-20,1.5858
2022-09-21,1.5714
2022-09-22,1.5582
2022-09-23,1.549
2022-09-26,1.541
2022-09-27,1.5852
2022-09-28,1.579
2022-09-29,1.5962
2022-09-30,1.5967
2022-10-10,1.5776
2022-10-11,1.5664
2022-10-12,1.5747
2022-10-13,1.6022
2022-10-14,1.671
2022-10-17,1.6874
2022-10-18,1.7144
2022-10-19,1.6915
2022-10-20,1.6995
2022-10-21,1.704
2022-10-24,1.6788
2022-10-25,1.6562
2022-10-26,1.7082
2022-10-27,1.7066
2022-10-28,1.6826
2022-10-31,1.6841
2022-11-01,1.7067
2022-11-02,1.7263
2022-11-03,1.7237
2022-11-04,1.7463
2022-11-07,1.7394
2022-11-08,1.7307
2022-11-09,1.739
2022-11-10,1.7325
2022-11-11,1.7218
2022-11-14,1.7613
2022-11-15,1.7708
2022-11-16,1.766
2022-11-17,1.7764
2022-11-18,1.7899
2022-11-21,1.7858
2022-11-22,1.7466
2022-11-23,1.7233
2022-11-24,1.733
2022-11-25,1.7193
2022-11-28,1.714
2022-11-29,1.7462
2022-11-30,1.7388
2022-12-01,1.7415
2022-12-02,1.7441
2022-12-05,1.7443
2022-12-06,1.7268
2022-12-07,1.7428
2022-12-08,1.7419
2022-12-09,1.7517
2022-12-12,1.7651
2022-12-13,1.7559
2022-12-14,1.7363
2022-12-15,1.7343
2022-12-16,1.7439
2022-12-19,1.6993
2022-12-20,1.6786
2022-12-21,1.6764